DESCRICAO;CUL;DRO;EDU;EMP;ESP;HAB;INF;MAM;MOB;SEG;SAU;SOC;
INCLUI;0;0;0;0;0;0;0;0;0;0;0;0
ART;0;0;0;0;0;0;0;0;0;0;0;0
LEI;0;0;0;0;0;0;0;0;0;0;0;0
DEZEMBRO;0;0;0;0;0;0;0;0;0;0;0;0
QUE;0;0;0;0;0;0;0;0;0;0;0;0
ESTABELECE;0;0;0;0;0;0;0;0;0;0;0;0
SISTEMA;0;0;0;0;0;0;0;0;0;0;0;0
CLASSIFICACAO;0;0;0;0;0;0;0;0;0;0;0;0
CARGOS;0;0;0;0;0;0;0;0;0;0;0;0
FUNCOES;0;0;0;0;0;0;0;0;0;0;0;0
CAMARA;0;0;0;0;0;0;0;0;0;0;0;0
MUNICIPAL;0;0;0;0;0;0;0;0;0;0;0;0
PORTO;0;0;0;0;0;0;0;0;0;0;0;0
ALEGRE;0;0;0;0;0;0;0;0;0;0;0;0
OUTRAS;0;0;0;0;0;0;0;0;0;0;0;0
PROVIDENCIAS;0;0;0;0;0;0;0;0;0;0;0;0
ALTERACOES;0;0;0;0;0;0;0;0;0;0;0;0
POSTERIORES;0;0;0;0;0;0;0;0;0;0;0;0
CRIANDO;0;0;0;0;0;0;0;0;0;0;0;0
GRATIFICACAO;0;0;0;0;0;0;0;0;0;0;0;0
PELO;0;0;0;0;0;0;0;0;0;0;0;0
EXERCICIO;0;0;0;0;0;0;0;0;0;0;0;0
ATIVIDADES;0;0;0;0;0;0;0;0;0;0;0;0
ESPECIAIS;0;0;0;0;0;0;0;0;0;0;0;0
APOIO;0;0;0;0;0;0;0;0;0;0;0;0
EVENTOS;0;0;0;0;0;0;0;0;0;0;0;0
GEA;0;0;0;0;0;0;0;0;0;0;0;0
DANDO;0;0;0;0;0;0;0;0;0;0;0;0
PELA;0;0;0;0;0;0;0;0;0;0;0;0
ATIVIDADE;0;0;0;0;0;0;0;0;0;0;0;0
SEGURANCA;0;0;0;0;0;0;0;0;0;0;0;0
PARLAMENTAR;0;0;0;0;0;0;0;0;0;0;0;0
GASP;0;0;0;0;0;0;0;0;0;0;0;0
OUTROS;0;0;0;0;0;0;0;0;0;0;0;0
EFEMERIDE;0;0;0;0;0;0;0;0;0;0;0;0
DIA;0;0;0;0;0;0;0;0;0;0;0;0
PREMATURIDADE;0;0;0;0;0;0;0;0;0;0;0;0
ANEXO;0;0;0;0;0;0;0;0;0;0;0;0
MAIO;0;0;0;0;0;0;0;0;0;0;0;0
CALENDARIO;0;0;0;0;0;0;0;0;0;0;0;0
DATAS;0;0;0;0;0;0;0;0;0;0;0;0
COMEMORATIVAS;0;0;0;0;0;0;0;0;0;0;0;0
CONSCIENTIZACAO;0;0;0;0;0;0;0;0;0;0;0;0
MUNICIPIO;0;0;0;0;0;0;0;0;0;0;0;0
NOVEMBRO;0;0;0;0;0;0;0;0;0;0;0;0
PARAGRAFO;0;0;0;0;0;0;0;0;0;0;0;0
PARAGRAFOS;0;0;0;0;0;0;0;0;0;0;0;0
INSTITUI;0;0;0;0;0;0;0;0;0;0;0;0
FINANCEIRO;0;0;0;0;0;0;0;0;0;0;0;0
ADMINISTRACAO;0;0;0;0;0;0;0;0;0;0;0;0
CENTRALIZADA;0;0;0;0;0;0;0;0;0;0;0;0
SICAF;0;0;0;0;0;0;0;0;0;0;0;0
COMO;0;0;0;0;0;0;0;0;0;0;0;0
INSTRUMENTO;0;0;0;0;0;0;0;0;0;0;0;0
CENTRALIZACAO;0;0;0;0;0;0;0;0;0;0;0;0
CONTA;0;0;0;0;0;0;0;0;0;0;0;0
BANCARIA;0;0;0;0;0;0;0;0;0;0;0;0
UNICA;0;0;0;0;0;0;0;0;0;0;0;0
DOS;0;0;0;0;0;0;0;0;0;0;0;0
RECURSOS;0;0;0;0;0;0;0;0;0;0;0;0
FINANCEIROS;0;0;0;0;0;0;0;0;0;0;0;0
PODER;0;0;0;0;0;0;0;0;0;0;0;0
EXECUTIVO;0;0;0;0;0;0;0;0;0;0;0;0
CAPITULO;0;0;0;0;0;0;0;0;0;0;0;0
TITULO;0;0;0;0;0;0;0;0;0;0;0;0
III;0;0;0;0;0;0;0;0;0;0;0;0
COMPLEMENTAR;0;0;0;0;0;0;0;0;0;0;0;0
DISCIPLINA;0;0;0;0;0;0;0;0;0;0;0;0
TRIBUTOS;0;0;0;0;0;0;0;0;0;0;0;0
COMPETENCIA;0;0;0;0;0;0;0;0;0;0;0;0
NORMAS;0;0;0;0;0;0;0;0;0;0;0;0
GERAIS;0;0;0;0;0;0;0;0;0;0;0;0
DIREITO;0;0;0;0;0;0;0;0;0;0;0;0
TRIBUTARIO;0;0;0;0;0;0;0;0;0;0;0;0
DISPOE;0;0;0;0;0;0;0;0;0;0;0;0
SOBRE;0;0;0;0;0;0;0;0;0;0;0;0
REGULARIZACAO;0;0;0;0;0;0;0;0;0;0;0;0
DEBITOS;0;0;0;0;0;0;0;0;0;0;0;0
DAS;0;0;0;0;0;0;0;0;0;0;0;0
INSTITUICOES;0;0;0;0;0;0;0;0;0;0;0;0
CONVENIADAS;0;0;0;0;0;0;0;0;0;0;0;0
COM;0;0;0;0;0;0;0;0;0;0;0;0
MANTIDAS;0;0;0;0;0;0;0;0;0;0;0;0
ESTADO;0;0;0;0;0;0;0;0;0;0;0;0
CADASTRADAS;0;0;0;0;0;0;0;0;0;0;0;0
BENEFICIARIAS;0;0;0;0;0;0;0;0;0;0;0;0
TARIFA;0;0;0;0;0;0;0;0;0;0;0;0
SOCIAL;0;0;0;0;0;0;0;0;0;0;0;0
DEPARTAMENTO;0;0;0;0;0;0;0;0;0;0;0;0
AGUA;0;0;0;0;0;0;0;0;0;0;0;0
ESGOTOS;0;0;0;0;0;0;0;0;0;0;0;0
DMAE;0;0;0;0;0;0;0;0;0;0;0;0
DECORRENTES;0;0;0;0;0;0;0;0;0;0;0;0
PRESTACAO;0;0;0;0;0;0;0;0;0;0;0;0
SERVICOS;0;0;0;0;0;0;0;0;0;0;0;0
ABASTECIMENTO;0;0;0;0;0;0;0;0;0;0;0;0
REMOCAO;0;0;0;0;0;0;0;0;0;0;0;0
CRIA;0;0;0;0;0;0;0;0;0;0;0;0
PROVIMENTO;0;0;0;0;0;0;0;0;0;0;0;0
EFETIVO;0;0;0;0;0;0;0;0;0;0;0;0
PROFESSOR;0;0;0;0;0;0;0;0;0;0;0;0
CONSTANTE;0;0;0;0;0;0;0;0;0;0;0;0
JULHO;0;0;0;0;0;0;0;0;0;0;0;0
MONITOR;0;0;0;0;0;0;0;0;0;0;0;0
CONSTANTES;0;0;0;0;0;0;0;0;0;0;0;0
ALTERA;0;0;0;0;0;0;0;0;0;0;0;0
INCS;0;0;0;0;0;0;0;0;0;0;0;0
AUTORIZA;0;0;0;0;0;0;0;0;0;0;0;0
PRORROGAR;0;0;0;0;0;0;0;0;0;0;0;0
PRAZOS;0;0;0;0;0;0;0;0;0;0;0;0
CONTRATOS;0;0;0;0;0;0;0;0;0;0;0;0
CONCESSAO;0;0;0;0;0;0;0;0;0;0;0;0
USO;0;0;0;0;0;0;0;0;0;0;0;0
EMPRESA;0;0;0;0;0;0;0;0;0;0;0;0
PETROBRAS;0;0;0;0;0;0;0;0;0;0;0;0
DISTRIBUIDORA;0;0;0;0;0;0;0;0;0;0;0;0
AMBITO;0;0;0;0;0;0;0;0;0;0;0;0
CENTRAL;0;0;0;0;0;0;0;0;0;0;0;0
CONCILIACAO;0;0;0;0;0;0;0;0;0;0;0;0
COMPOSTA;0;0;0;0;0;0;0;0;0;0;0;0
INDENIZACOES;0;0;0;0;0;0;0;0;0;0;0;0
ADMINISTRATIVAS;0;0;0;0;0;0;0;0;0;0;0;0
MEDIACAO;0;0;0;0;0;0;0;0;0;0;0;0
PRECATORIOS;0;0;0;0;0;0;0;0;0;0;0;0
INC;0;0;0;0;0;0;0;0;0;0;0;0
CAPUT;0;0;0;0;0;0;0;0;0;0;0;0
SETEMBRO;0;0;0;0;0;0;0;0;0;0;0;0
PARA;0;0;0;0;0;0;0;0;0;0;0;0
IMPLANTACAO;0;0;0;0;0;0;0;0;0;0;0;0
HELIPONTOS;0;0;0;0;0;0;0;0;0;0;0;0
CONSIDERANDO-OS;0;0;0;0;0;0;0;0;0;0;0;0
ESPECIAL;0;0;0;0;0;0;0;0;0;0;0;0
DISPONDO;0;0;0;0;0;0;0;0;0;0;0;0
SUA;0;0;0;0;0;0;0;0;0;0;0;0
LOCALIZACAO;0;0;0;0;0;0;0;0;0;0;0;0
XXVII;0;0;0;0;0;0;0;0;0;0;0;0
XXX;0;0;0;0;0;0;0;0;0;0;0;0
ESTIMA;0;0;0;0;0;0;0;0;0;0;0;0
RECEITA;0;0;0;0;0;0;0;0;0;0;0;0
FIXA;0;0;0;0;0;0;0;0;0;0;0;0
DESPESA;0;0;0;0;0;0;0;0;0;0;0;0
ECONOMICO-FINANCEIRO;0;0;0;0;0;0;0;0;0;0;0;0
UNICO;0;0;0;0;0;0;0;0;0;0;0;0
ARTS;0;0;0;0;0;0;0;0;0;0;0;0
TODOS;0;0;0;0;0;0;0;0;0;0;0;0
GRUPO;0;0;0;0;0;0;0;0;0;0;0;0
ESM;0;0;0;0;0;0;0;0;0;0;0;0
ESPECIALIDADE;0;0;0;0;0;0;0;0;0;0;0;0
MEDICA;0;0;0;0;0;0;0;0;0;0;0;0
CLASSES;0;0;0;0;0;0;0;0;0;0;0;0
MEDICO;0;0;0;0;0;0;0;0;0;0;0;0
ESPECIALISTA;0;0;0;0;0;0;0;0;0;0;0;0
CLINICO;0;0;0;0;0;0;0;0;0;0;0;0
GERAL;0;0;0;0;0;0;0;0;0;0;0;0
EXTINGUINDO;0;0;0;0;0;0;0;0;0;0;0;0
CLASSE;0;0;0;0;0;0;0;0;0;0;0;0
FARMACEUTICO;0;0;0;0;0;0;0;0;0;0;0;0
PASSAM;0;0;0;0;0;0;0;0;0;0;0;0
INTEGRAR;0;0;0;0;0;0;0;0;0;0;0;0
LETRA;0;0;0;0;0;0;0;0;0;0;0;0
ITEM;0;0;0;0;0;0;0;0;0;0;0;0
IDENTIFICACAO;0;0;0;0;0;0;0;0;0;0;0;0
QUADRO;0;0;0;0;0;0;0;0;0;0;0;0
DESCRITIVO;0;0;0;0;0;0;0;0;0;0;0;0
ARTI;0;0;0;0;0;0;0;0;0;0;0;0
OUTUBRO;0;0;0;0;0;0;0;0;0;0;0;0
COMISSAO;0;0;0;0;0;0;0;0;0;0;0;0
GRATIFICADAS;0;0;0;0;0;0;0;0;0;0;0;0
SEREM;0;0;0;0;0;0;0;0;0;0;0;0
LOTADOS;0;0;0;0;0;0;0;0;0;0;0;0
SECRETARIA;0;0;0;0;0;0;0;0;0;0;0;0
EDUCACAO;0;0;0;0;0;0;0;0;0;0;0;0
SMED;0;0;0;0;0;0;0;0;0;0;0;0
GESTAO;0;0;0;0;0;0;0;0;0;0;0;0
SMGES;0;0;0;0;0;0;0;0;0;0;0;0
ALTERANDO;0;0;0;0;0;0;0;0;0;0;0;0
PLANO;0;0;0;0;0;0;0;0;0;0;0;0
CARREIRA;0;0;0;0;0;0;0;0;0;0;0;0
FUNCIONARIOS;0;0;0;0;0;0;0;0;0;0;0;0
CONCEDE;0;0;0;0;0;0;0;0;0;0;0;0
JORNALISTA;0;0;0;0;0;0;0;0;0;0;0;0
MILTON;0;0;0;0;0;0;0;0;0;0;0;0
BATISTA;0;0;0;0;0;0;0;0;0;0;0;0
CARDOSO;0;0;0;0;0;0;0;0;0;0;0;0
CIDADAO;0;0;0;0;0;0;0;0;0;0;0;0
DESAFETACAO;0;0;0;0;0;0;0;0;0;0;0;0
ANTIGO;0;0;0;0;0;0;0;0;0;0;0;0
LEITO;0;0;0;0;0;0;0;0;0;0;0;0
VIARIO;0;0;0;0;0;0;0;0;0;0;0;0
RUA;0;0;0;0;0;0;0;0;0;0;0;0
BEM;0;0;0;0;0;0;0;0;0;0;0;0
AREAS;0;0;0;0;0;0;0;0;0;0;0;0
ORIGINALMENTE;0;0;0;0;0;0;0;0;0;0;0;0
DESTINADAS;0;0;0;0;0;0;0;0;0;0;0;0
PRACA;0;0;0;0;0;0;0;0;0;0;0;0
ESCOLA;0;0;0;0;0;0;0;0;0;0;0;0
CONJUNTO;0;0;0;0;0;0;0;0;0;0;0;0
RESIDENCIAL;0;0;0;0;0;0;0;0;0;0;0;0
ALTO;0;0;0;0;0;0;0;0;0;0;0;0
PETROPOLIS;0;0;0;0;0;0;0;0;0;0;0;0
ONDE;0;0;0;0;0;0;0;0;0;0;0;0
ENCONTRA;0;0;0;0;0;0;0;0;0;0;0;0
VILA;0;0;0;0;0;0;0;0;0;0;0;0
NOVA;0;0;0;0;0;0;0;0;0;0;0;0
TIJUCA;0;0;0;0;0;0;0;0;0;0;0;0
PROJETADO;0;0;0;0;0;0;0;0;0;0;0;0
LUCAS;0;0;0;0;0;0;0;0;0;0;0;0
OLIVEIRA;0;0;0;0;0;0;0;0;0;0;0;0
INSERIDO;0;0;0;0;0;0;0;0;0;0;0;0
SOSSEGO;0;0;0;0;0;0;0;0;0;0;0;0
FINS;0;0;0;0;0;0;0;0;0;0;0;0
FUNDIARIA;0;0;0;0;0;0;0;0;0;0;0;0
SEUS;0;0;0;0;0;0;0;0;0;0;0;0
RENOMEIA;0;0;0;0;0;0;0;0;0;0;0;0
ESPECIFICACOES;0;0;0;0;0;0;0;0;0;0;0;0
EFETIVOS;0;0;0;0;0;0;0;0;0;0;0;0
REVOGA;0;0;0;0;0;0;0;0;0;0;0;0
INSERE;0;0;0;0;0;0;0;0;0;0;0;0
SECAO;0;0;0;0;0;0;0;0;0;0;0;0
VII;0;0;0;0;0;0;0;0;0;0;0;0
VIII;0;0;0;0;0;0;0;0;0;0;0;0
TUDO;0;0;0;0;0;0;0;0;0;0;0;0
CONSOLIDA;0;0;0;0;0;0;0;0;0;0;0;0
LEGISLACAO;0;0;0;0;0;0;0;0;0;0;0;0
COMERCIO;0;0;0;0;0;0;0;0;0;0;0;0
AMBULANTE;0;0;0;0;0;0;0;0;0;0;0;0
AMBULANTES;0;0;0;0;0;0;0;0;0;0;0;0
NAS;0;0;0;0;0;0;0;0;0;0;0;0
VIAS;0;0;0;0;0;0;0;0;0;0;0;0
NOS;0;0;0;0;0;0;0;0;0;0;0;0
LOGRADOUROS;0;0;0;0;0;0;0;0;0;0;0;0
PUBLICOS;0;0;0;0;0;0;0;0;0;0;0;0
PUBLICIDADE;0;0;0;0;0;0;0;0;0;0;0;0
EQUIPAMENTOS;0;0;0;0;0;0;0;0;0;0;0;0
DESSE;0;0;0;0;0;0;0;0;0;0;0;0
DESSA;0;0;0;0;0;0;0;0;0;0;0;0
VEICULOS;0;0;0;0;0;0;0;0;0;0;0;0
MODALIDADE;0;0;0;0;0;0;0;0;0;0;0;0
GASTRONOMIA;0;0;0;0;0;0;0;0;0;0;0;0
ITINERANTE;0;0;0;0;0;0;0;0;0;0;0;0
PROGRAMA;0;0;0;0;0;0;0;0;0;0;0;0
RECUPERACAO;0;0;0;0;0;0;0;0;0;0;0;0
FISCAL;0;0;0;0;0;0;0;0;0;0;0;0
REFISPOA;0;0;0;0;0;0;0;0;0;0;0;0
ABRIL;0;0;0;0;0;0;0;0;0;0;0;0
CONSTITUIR;0;0;0;0;0;0;0;0;0;0;0;0
PESSOA;0;0;0;0;0;0;0;0;0;0;0;0
JURIDICA;0;0;0;0;0;0;0;0;0;0;0;0
SOB;0;0;0;0;0;0;0;0;0;0;0;0
FORMA;0;0;0;0;0;0;0;0;0;0;0;0
SOCIEDADE;0;0;0;0;0;0;0;0;0;0;0;0
POR;0;0;0;0;0;0;0;0;0;0;0;0
ACOES;0;0;0;0;0;0;0;0;0;0;0;0
ECONOMIA;0;0;0;0;0;0;0;0;0;0;0;0
MISTA;0;0;0;0;0;0;0;0;0;0;0;0
DENOMINADA;0;0;0;0;0;0;0;0;0;0;0;0
ATIVOS;0;0;0;0;0;0;0;0;0;0;0;0
INVESTE;0;0;0;0;0;0;0;0;0;0;0;0
POA;0;0;0;0;0;0;0;0;0;0;0;0
VINCULADA;0;0;0;0;0;0;0;0;0;0;0;0
FAZENDA;0;0;0;0;0;0;0;0;0;0;0;0
DENOMINACAO;0;0;0;0;0;0;0;0;0;0;0;0
JARDIM;0;0;0;0;0;0;0;0;0;0;0;0
BOTANICO;0;0;0;0;0;0;0;0;0;0;0;0
PARQUE;0;0;0;0;0;0;0;0;0;0;0;0
SANT-HILAIRE;0;0;0;0;0;0;0;0;0;0;0;0
HORTO;0;0;0;0;0;0;0;0;0;0;0;0
FLORESTAL;0;0;0;0;0;0;0;0;0;0;0;0
SENHOR;0;0;0;0;0;0;0;0;0;0;0;0
NELCIR;0;0;0;0;0;0;0;0;0;0;0;0
REIMUNDO;0;0;0;0;0;0;0;0;0;0;0;0
TESSARO;0;0;0;0;0;0;0;0;0;0;0;0
OBRIGA;0;0;0;0;0;0;0;0;0;0;0;0
EMPRESAS;0;0;0;0;0;0;0;0;0;0;0;0
EFETUAREM;0;0;0;0;0;0;0;0;0;0;0;0
ENTREGA;0;0;0;0;0;0;0;0;0;0;0;0
DOMICILIAR;0;0;0;0;0;0;0;0;0;0;0;0
PRODUTOS;0;0;0;0;0;0;0;0;0;0;0;0
COMERCIALIZADOS;0;0;0;0;0;0;0;0;0;0;0;0
INCLUSIVE;0;0;0;0;0;0;0;0;0;0;0;0
MEIO;0;0;0;0;0;0;0;0;0;0;0;0
TERCEIROS;0;0;0;0;0;0;0;0;0;0;0;0
PRESTAREM;0;0;0;0;0;0;0;0;0;0;0;0
DOMICILIO;0;0;0;0;0;0;0;0;0;0;0;0
AGENDAR;0;0;0;0;0;0;0;0;0;0;0;0
CLIENTES;0;0;0;0;0;0;0;0;0;0;0;0
HORARIO;0;0;0;0;0;0;0;0;0;0;0;0
CORRESPONDENTE;0;0;0;0;0;0;0;0;0;0;0;0
INTERVALO;0;0;0;0;0;0;0;0;0;0;0;0
UMA;0;0;0;0;0;0;0;0;0;0;0;0
HORA;0;0;0;0;0;0;0;0;0;0;0;0
PRODUTO;0;0;0;0;0;0;0;0;0;0;0;0
INICIO;0;0;0;0;0;0;0;0;0;0;0;0
SERVICO;0;0;0;0;0;0;0;0;0;0;0;0
COMENDA;0;0;0;0;0;0;0;0;0;0;0;0
SOL;0;0;0;0;0;0;0;0;0;0;0;0
COOPERATIVA;0;0;0;0;0;0;0;0;0;0;0;0
CREDITO;0;0;0;0;0;0;0;0;0;0;0;0
MUTUO;0;0;0;0;0;0;0;0;0;0;0;0
MEDICOS;0;0;0;0;0;0;0;0;0;0;0;0
LTDA;0;0;0;0;0;0;0;0;0;0;0;0
UNICRED;0;0;0;0;0;0;0;0;0;0;0;0
EVENTO;0;0;0;0;0;0;0;0;0;0;0;0
JAZZ;0;0;0;0;0;0;0;0;0;0;0;0
FESTIVAL;0;0;0;0;0;0;0;0;0;0;0;0
MENSAL;0;0;0;0;0;0;0;0;0;0;0;0
SEGUNDO;0;0;0;0;0;0;0;0;0;0;0;0
FINAL;0;0;0;0;0;0;0;0;0;0;0;0
SEMANA;0;0;0;0;0;0;0;0;0;0;0;0
MES;0;0;0;0;0;0;0;0;0;0;0;0
DENOMINA;0;0;0;0;0;0;0;0;0;0;0;0
AVENIDA;0;0;0;0;0;0;0;0;0;0;0;0
DEPUTADO;0;0;0;0;0;0;0;0;0;0;0;0
ADAO;0;0;0;0;0;0;0;0;0;0;0;0
PRETTO;0;0;0;0;0;0;0;0;0;0;0;0
LOGRADOURO;0;0;0;0;0;0;0;0;0;0;0;0
PUBLICO;0;0;0;0;0;0;0;0;0;0;0;0
CADASTRADO;0;0;0;0;0;0;0;0;0;0;0;0
CONHECIDO;0;0;0;0;0;0;0;0;0;0;0;0
BECO;0;0;0;0;0;0;0;0;0;0;0;0
TAQUARA;0;0;0;0;0;0;0;0;0;0;0;0
LOCALIZADO;0;0;0;0;0;0;0;0;0;0;0;0
BAIRRO;0;0;0;0;0;0;0;0;0;0;0;0
LOMBA;0;0;0;0;0;0;0;0;0;0;0;0
PINHEIRO;0;0;0;0;0;0;0;0;0;0;0;0
DIRETRIZES;0;0;0;0;0;0;0;0;0;0;0;0
ORCAMENTARIAS;0;0;0;0;0;0;0;0;0;0;0;0
MARCO;0;0;0;0;0;0;0;0;0;0;0;0
PROIBE;0;0;0;0;0;0;0;0;0;0;0;0
LUTAS;0;0;0;0;0;0;0;0;0;0;0;0
VALE-TUDO;0;0;0;0;0;0;0;0;0;0;0;0
TODAS;0;0;0;0;0;0;0;0;0;0;0;0
SUAS;0;0;0;0;0;0;0;0;0;0;0;0
MODALIDADES;0;0;0;0;0;0;0;0;0;0;0;0
ESTABELECENDO;0;0;0;0;0;0;0;0;0;0;0;0
EXCECOES;0;0;0;0;0;0;0;0;0;0;0;0
ESSA;0;0;0;0;0;0;0;0;0;0;0;0
PROIBICAO;0;0;0;0;0;0;0;0;0;0;0;0
DIPLOMA;0;0;0;0;0;0;0;0;0;0;0;0
HONRA;0;0;0;0;0;0;0;0;0;0;0;0
MERITO;0;0;0;0;0;0;0;0;0;0;0;0
SENHORA;0;0;0;0;0;0;0;0;0;0;0;0
NADIA;0;0;0;0;0;0;0;0;0;0;0;0
RODRIGUES;0;0;0;0;0;0;0;0;0;0;0;0
SILVEIRA;0;0;0;0;0;0;0;0;0;0;0;0
GERHARD;0;0;0;0;0;0;0;0;0;0;0;0
PREFEITO;0;0;0;0;0;0;0;0;0;0;0;0
JOSE;0;0;0;0;0;0;0;0;0;0;0;0
FORTUNATI;0;0;0;0;0;0;0;0;0;0;0;0
AUSENTAR-SE;0;0;0;0;0;0;0;0;0;0;0;0
PAIS;0;0;0;0;0;0;0;0;0;0;0;0
AGOSTO;0;0;0;0;0;0;0;0;0;0;0;0
VIAJAR;0;0;0;0;0;0;0;0;0;0;0;0
BUENOS;0;0;0;0;0;0;0;0;0;0;0;0
AIRES;0;0;0;0;0;0;0;0;0;0;0;0
ARGENTINA;0;0;0;0;0;0;0;0;0;0;0;0
VICE-PREFEITO;0;0;0;0;0;0;0;0;0;0;0;0
SEBASTIAO;0;0;0;0;0;0;0;0;0;0;0;0
MELO;0;0;0;0;0;0;0;0;0;0;0;0
CIDADE;0;0;0;0;0;0;0;0;0;0;0;0
PANAMA;0;0;0;0;0;0;0;0;0;0;0;0
MEXICO;0;0;0;0;0;0;0;0;0;0;0;0
LINDOIA;0;0;0;0;0;0;0;0;0;0;0;0
TENIS;0;0;0;0;0;0;0;0;0;0;0;0
CLUBE;0;0;0;0;0;0;0;0;0;0;0;0
DOUTOR;0;0;0;0;0;0;0;0;0;0;0;0
OSMAR;0;0;0;0;0;0;0;0;0;0;0;0
PILLA;0;0;0;0;0;0;0;0;0;0;0;0
CINCO;0;0;0;0;0;0;0;0;0;0;0;0
MIL;0;0;0;0;0;0;0;0;0;0;0;0
QUINZE;0;0;0;0;0;0;0;0;0;0;0;0
HIPICA;0;0;0;0;0;0;0;0;0;0;0;0
TULIO;0;0;0;0;0;0;0;0;0;0;0;0
KALIL;0;0;0;0;0;0;0;0;0;0;0;0
FERREYRO;0;0;0;0;0;0;0;0;0;0;0;0
DEZ;0;0;0;0;0;0;0;0;0;0;0;0
MONSENHOR;0;0;0;0;0;0;0;0;0;0;0;0
AUGUSTO;0;0;0;0;0;0;0;0;0;0;0;0
DALVIT;0;0;0;0;0;0;0;0;0;0;0;0
DOZE;0;0;0;0;0;0;0;0;0;0;0;0
REGULAMENTA;0;0;0;0;0;0;0;0;0;0;0;0
LEIS;0;0;0;0;0;0;0;0;0;0;0;0
PERMITE;0;0;0;0;0;0;0;0;0;0;0;0
LIBERACAO;0;0;0;0;0;0;0;0;0;0;0;0
CATRACA;0;0;0;0;0;0;0;0;0;0;0;0
UTILIZACAO;0;0;0;0;0;0;0;0;0;0;0;0
TRANSPORTE;0;0;0;0;0;0;0;0;0;0;0;0
COLETIVO;0;0;0;0;0;0;0;0;0;0;0;0
ONIBUS;0;0;0;0;0;0;0;0;0;0;0;0
CRIANCAS;0;0;0;0;0;0;0;0;0;0;0;0
ATE;0;0;0;0;0;0;0;0;0;0;0;0
SEIS;0;0;0;0;0;0;0;0;0;0;0;0
ANOS;0;0;0;0;0;0;0;0;0;0;0;0
SEM;0;0;0;0;0;0;0;0;0;0;0;0
PASSAGEM;0;0;0;0;0;0;0;0;0;0;0;0
DEBAIXO;0;0;0;0;0;0;0;0;0;0;0;0
DISPOSITIVO;0;0;0;0;0;0;0;0;0;0;0;0
DECLARA;0;0;0;0;0;0;0;0;0;0;0;0
UTILIDADE;0;0;0;0;0;0;0;0;0;0;0;0
PUBLICA;0;0;0;0;0;0;0;0;0;0;0;0
ASSOCIACAO;0;0;0;0;0;0;0;0;0;0;0;0
REGIONAL;0;0;0;0;0;0;0;0;0;0;0;0
ESCLEROSE;0;0;0;0;0;0;0;0;0;0;0;0
LATERAL;0;0;0;0;0;0;0;0;0;0;0;0
AMIOTROFICA;0;0;0;0;0;0;0;0;0;0;0;0
RGS;0;0;0;0;0;0;0;0;0;0;0;0
ARELA-RS;0;0;0;0;0;0;0;0;0;0;0;0
SETENARIO;0;0;0;0;0;0;0;0;0;0;0;0
FESTA;0;0;0;0;0;0;0;0;0;0;0;0
NOSSA;0;0;0;0;0;0;0;0;0;0;0;0
DORES;0;0;0;0;0;0;0;0;0;0;0;0
INCLUA;0;0;0;0;0;0;0;0;0;0;0;0
ARTIGO;0;0;0;0;0;0;0;0;0;0;0;0
ATUALIZACAO;0;0;0;0;0;0;0;0;0;0;0;0
ALVARAS;0;0;0;0;0;0;0;0;0;0;0;0
FUNCIONAMENTO;0;0;0;0;0;0;0;0;0;0;0;0
RECREATIVA;0;0;0;0;0;0;0;0;0;0;0;0
BENEFICENTE;0;0;0;0;0;0;0;0;0;0;0;0
TRIBO;0;0;0;0;0;0;0;0;0;0;0;0
CARNAVALESCA;0;0;0;0;0;0;0;0;0;0;0;0
COMANCHES;0;0;0;0;0;0;0;0;0;0;0;0
IGREJA;0;0;0;0;0;0;0;0;0;0;0;0
VIDA;0;0;0;0;0;0;0;0;0;0;0;0
ESCRITOR;0;0;0;0;0;0;0;0;0;0;0;0
RENATO;0;0;0;0;0;0;0;0;0;0;0;0
NUNES;0;0;0;0;0;0;0;0;0;0;0;0
DORNELES;0;0;0;0;0;0;0;0;0;0;0;0
ANISIO;0;0;0;0;0;0;0;0;0;0;0;0
GOMES;0;0;0;0;0;0;0;0;0;0;0;0
SOUZA;0;0;0;0;0;0;0;0;0;0;0;0
MAIA;0;0;0;0;0;0;0;0;0;0;0;0
REGISTRADO;0;0;0;0;0;0;0;0;0;0;0;0
LOTEAMENTO;0;0;0;0;0;0;0;0;0;0;0;0
VERDES;0;0;0;0;0;0;0;0;0;0;0;0
CAMPOS;0;0;0;0;0;0;0;0;0;0;0;0
MARIO;0;0;0;0;0;0;0;0;0;0;0;0
QUINTANA;0;0;0;0;0;0;0;0;0;0;0;0
TECNICO;0;0;0;0;0;0;0;0;0;0;0;0
ENFERMAGEM;0;0;0;0;0;0;0;0;0;0;0;0
EXTINGUE;0;0;0;0;0;0;0;0;0;0;0;0
AUXILIAR;0;0;0;0;0;0;0;0;0;0;0;0
MAJOR;0;0;0;0;0;0;0;0;0;0;0;0
LEANDRO;0;0;0;0;0;0;0;0;0;0;0;0
LUZ;0;0;0;0;0;0;0;0;0;0;0;0
ROMA;0;0;0;0;0;0;0;0;0;0;0;0
ITALIA;0;0;0;0;0;0;0;0;0;0;0;0
INGRESSO;0;0;0;0;0;0;0;0;0;0;0;0
CONSORCIO;0;0;0;0;0;0;0;0;0;0;0;0
INFORMATICA;0;0;0;0;0;0;0;0;0;0;0;0
CIGA;0;0;0;0;0;0;0;0;0;0;0;0
SIMPLES;0;0;0;0;0;0;0;0;0;0;0;0
NACIONAL;0;0;0;0;0;0;0;0;0;0;0;0
GSN;0;0;0;0;0;0;0;0;0;0;0;0
FICAM;0;0;0;0;0;0;0;0;0;0;0;0
ALTERADOS;0;0;0;0;0;0;0;0;0;0;0;0
INCLUIDOS;0;0;0;0;0;0;0;0;0;0;0;0
AOS;0;0;0;0;0;0;0;0;0;0;0;0
ESTATUTO;0;0;0;0;0;0;0;0;0;0;0;0
MUNICIPAIS;0;0;0;0;0;0;0;0;0;0;0;0
EXCLUINDO;0;0;0;0;0;0;0;0;0;0;0;0
INCIDENCIA;0;0;0;0;0;0;0;0;0;0;0;0
AVANCOS;0;0;0;0;0;0;0;0;0;0;0;0
REGIMES;0;0;0;0;0;0;0;0;0;0;0;0
TRABALHO;0;0;0;0;0;0;0;0;0;0;0;0
REMUNERACAO;0;0;0;0;0;0;0;0;0;0;0;0
SERVIDORES;0;0;0;0;0;0;0;0;0;0;0;0
EMERITO;0;0;0;0;0;0;0;0;0;0;0;0
JOAO;0;0;0;0;0;0;0;0;0;0;0;0
TROFEU;0;0;0;0;0;0;0;0;0;0;0;0
CRUZ;0;0;0;0;0;0;0;0;0;0;0;0
VERMELHA;0;0;0;0;0;0;0;0;0;0;0;0
BRASILEIRA;0;0;0;0;0;0;0;0;0;0;0;0
FILIAL;0;0;0;0;0;0;0;0;0;0;0;0
RIO;0;0;0;0;0;0;0;0;0;0;0;0
GRANDE;0;0;0;0;0;0;0;0;0;0;0;0
SUL;0;0;0;0;0;0;0;0;0;0;0;0
ROMILDO;0;0;0;0;0;0;0;0;0;0;0;0
BOLZAN;0;0;0;0;0;0;0;0;0;0;0;0
JUNIOR;0;0;0;0;0;0;0;0;0;0;0;0
MADRE;0;0;0;0;0;0;0;0;0;0;0;0
ASSUNTA;0;0;0;0;0;0;0;0;0;0;0;0
RINCAO;0;0;0;0;0;0;0;0;0;0;0;0
RESTINGA;0;0;0;0;0;0;0;0;0;0;0;0
REAJUSTA;0;0;0;0;0;0;0;0;0;0;0;0
VALOR;0;0;0;0;0;0;0;0;0;0;0;0
VALE-ALIMENTACAO;0;0;0;0;0;0;0;0;0;0;0;0
TRATA;0;0;0;0;0;0;0;0;0;0;0;0
SINDICATO;0;0;0;0;0;0;0;0;0;0;0;0
FARMACEUTICOS;0;0;0;0;0;0;0;0;0;0;0;0
SINDIFARS;0;0;0;0;0;0;0;0;0;0;0;0
REDACAO;0;0;0;0;0;0;0;0;0;0;0;0
IMPLEMENTACAO;0;0;0;0;0;0;0;0;0;0;0;0
INFRAESTRUTURA;0;0;0;0;0;0;0;0;0;0;0;0
NECESSARIA;0;0;0;0;0;0;0;0;0;0;0;0
REALIZACAO;0;0;0;0;0;0;0;0;0;0;0;0
COPA;0;0;0;0;0;0;0;0;0;0;0;0
MUNDO;0;0;0;0;0;0;0;0;0;0;0;0
BUS;0;0;0;0;0;0;0;0;0;0;0;0
RAPID;0;0;0;0;0;0;0;0;0;0;0;0
TRANSIT;0;0;0;0;0;0;0;0;0;0;0;0
BRT;0;0;0;0;0;0;0;0;0;0;0;0
METRO;0;0;0;0;0;0;0;0;0;0;0;0
MODIFICANDO;0;0;0;0;0;0;0;0;0;0;0;0
LIMITADOR;0;0;0;0;0;0;0;0;0;0;0;0
CALCULO;0;0;0;0;0;0;0;0;0;0;0;0
EQUIVALENCIA;0;0;0;0;0;0;0;0;0;0;0;0
INDICES;0;0;0;0;0;0;0;0;0;0;0;0
PME;0;0;0;0;0;0;0;0;0;0;0;0
MACHADO;0;0;0;0;0;0;0;0;0;0;0;0
NAO;0;0;0;0;0;0;0;0;0;0;0;0
TRAVESSA;0;0;0;0;0;0;0;0;0;0;0;0
QUATRO;0;0;0;0;0;0;0;0;0;0;0;0
CAMPO;0;0;0;0;0;0;0;0;0;0;0;0
TUCA;0;0;0;0;0;0;0;0;0;0;0;0
DELTA;0;0;0;0;0;0;0;0;0;0;0;0
RED;0;0;0;0;0;0;0;0;0;0;0;0
MARKETING;0;0;0;0;0;0;0;0;0;0;0;0
INTERATIVA;0;0;0;0;0;0;0;0;0;0;0;0
TREINAMENTO;0;0;0;0;0;0;0;0;0;0;0;0
DINASTIA;0;0;0;0;0;0;0;0;0;0;0;0
SOLUCOES;0;0;0;0;0;0;0;0;0;0;0;0
FINANCEIRAS;0;0;0;0;0;0;0;0;0;0;0;0
LIMPEZA;0;0;0;0;0;0;0;0;0;0;0;0
URBANA;0;0;0;0;0;0;0;0;0;0;0;0
DMLU;0;0;0;0;0;0;0;0;0;0;0;0
INDIRETA;0;0;0;0;0;0;0;0;0;0;0;0
HARRYSSON;0;0;0;0;0;0;0;0;0;0;0;0
CURTYS;0;0;0;0;0;0;0;0;0;0;0;0
TESTA;0;0;0;0;0;0;0;0;0;0;0;0
EMPRESARIAL;0;0;0;0;0;0;0;0;0;0;0;0
CONDOR;0;0;0;0;0;0;0;0;0;0;0;0
ALS;0;0;0;0;0;0;0;0;0;0;0;0
XII;0;0;0;0;0;0;0;0;0;0;0;0
ITS;0;0;0;0;0;0;0;0;0;0;0;0
RESOLUCAO;0;0;0;0;0;0;0;0;0;0;0;0
JANEIRO;0;0;0;0;0;0;0;0;0;0;0;0
REORGANIZA;0;0;0;0;0;0;0;0;0;0;0;0
ADMINISTRATIVOS;0;0;0;0;0;0;0;0;0;0;0;0
LICITACOES;0;0;0;0;0;0;0;0;0;0;0;0
TRANSFERINDO-LHE;0;0;0;0;0;0;0;0;0;0;0;0
SETOR;0;0;0;0;0;0;0;0;0;0;0;0
COMPRAS;0;0;0;0;0;0;0;0;0;0;0;0
LICITACAO;0;0;0;0;0;0;0;0;0;0;0;0
FUNCAO;0;0;0;0;0;0;0;0;0;0;0;0
GRATIFICADA;0;0;0;0;0;0;0;0;0;0;0;0
CHEFE;0;0;0;0;0;0;0;0;0;0;0;0
CODIGO;0;0;0;0;0;0;0;0;0;0;0;0
ESTENDENDO;0;0;0;0;0;0;0;0;0;0;0;0
PREPARO;0;0;0;0;0;0;0;0;0;0;0;0
EXECUCAO;0;0;0;0;0;0;0;0;0;0;0;0
PAGAMENTOS;0;0;0;0;0;0;0;0;0;0;0;0
DIVERSOS;0;0;0;0;0;0;0;0;0;0;0;0
ADVOGADO;0;0;0;0;0;0;0;0;0;0;0;0
LUIZ;0;0;0;0;0;0;0;0;0;0;0;0
EDUARDO;0;0;0;0;0;0;0;0;0;0;0;0
AMARO;0;0;0;0;0;0;0;0;0;0;0;0
PELLIZZER;0;0;0;0;0;0;0;0;0;0;0;0
RADIO;0;0;0;0;0;0;0;0;0;0;0;0
PORTOVISAO;0;0;0;0;0;0;0;0;0;0;0;0
BANDEIRANTES;0;0;0;0;0;0;0;0;0;0;0;0
IPANEMA;0;0;0;0;0;0;0;0;0;0;0;0
EMENTA;0;0;0;0;0;0;0;0;0;0;0;0
JUNHO;0;0;0;0;0;0;0;0;0;0;0;0
ALTERADA;0;0;0;0;0;0;0;0;0;0;0;0
PAGAMENTO;0;0;0;0;0;0;0;0;0;0;0;0
MEIA-ENTRADA;0;0;0;0;0;0;0;0;0;0;0;0
EFETIVAMENTE;0;0;0;0;0;0;0;0;0;0;0;0
COBRADO;0;0;0;0;0;0;0;0;0;0;0;0
CULTURAIS;0;0;0;0;0;0;0;0;0;0;0;0
ESPORTIVAS;0;0;0;0;0;0;0;0;0;0;0;0
JOVENS;0;0;0;0;0;0;0;0;0;0;0;0
ENTRE;0;0;0;0;0;0;0;0;0;0;0;0
DEZESSEIS;0;0;0;0;0;0;0;0;0;0;0;0
VINTE;0;0;0;0;0;0;0;0;0;0;0;0
NOVE;0;0;0;0;0;0;0;0;0;0;0;0
PERTENCENTES;0;0;0;0;0;0;0;0;0;0;0;0
FAMILIAS;0;0;0;0;0;0;0;0;0;0;0;0
BAIXA;0;0;0;0;0;0;0;0;0;0;0;0
RENDA;0;0;0;0;0;0;0;0;0;0;0;0
BENEFICIO;0;0;0;0;0;0;0;0;0;0;0;0
ROTARY;0;0;0;0;0;0;0;0;0;0;0;0
CLUB;0;0;0;0;0;0;0;0;0;0;0;0
PASSO;0;0;0;0;0;0;0;0;0;0;0;0
DAREIA;0;0;0;0;0;0;0;0;0;0;0;0
MERCADOS;0;0;0;0;0;0;0;0;0;0;0;0
SUPERMERCADOS;0;0;0;0;0;0;0;0;0;0;0;0
HIPERMERCADOS;0;0;0;0;0;0;0;0;0;0;0;0
ESTABELECIMENTOS;0;0;0;0;0;0;0;0;0;0;0;0
CONGENERES;0;0;0;0;0;0;0;0;0;0;0;0
CUJA;0;0;0;0;0;0;0;0;0;0;0;0
AREA;0;0;0;0;0;0;0;0;0;0;0;0
SEJA;0;0;0;0;0;0;0;0;0;0;0;0
SUPERIOR;0;0;0;0;0;0;0;0;0;0;0;0
QUINHENTOS;0;0;0;0;0;0;0;0;0;0;0;0
METROS;0;0;0;0;0;0;0;0;0;0;0;0
QUADRADOS;0;0;0;0;0;0;0;0;0;0;0;0
POSSUAM;0;0;0;0;0;0;0;0;0;0;0;0
MAIS;0;0;0;0;0;0;0;0;0;0;0;0
TRES;0;0;0;0;0;0;0;0;0;0;0;0
CAIXAS;0;0;0;0;0;0;0;0;0;0;0;0
REGISTRADORAS;0;0;0;0;0;0;0;0;0;0;0;0
ACOMODAR;0;0;0;0;0;0;0;0;0;0;0;0
ESPACO;0;0;0;0;0;0;0;0;0;0;0;0
DESTAQUE;0;0;0;0;0;0;0;0;0;0;0;0
GONDOLA;0;0;0;0;0;0;0;0;0;0;0;0
PRATELEIRA;0;0;0;0;0;0;0;0;0;0;0;0
ALIMENTICIOS;0;0;0;0;0;0;0;0;0;0;0;0
ELABORADOS;0;0;0;0;0;0;0;0;0;0;0;0
ADICAO;0;0;0;0;0;0;0;0;0;0;0;0
GLUTEN;0;0;0;0;0;0;0;0;0;0;0;0
LACTOSE;0;0;0;0;0;0;0;0;0;0;0;0
HORACILDO;0;0;0;0;0;0;0;0;0;0;0;0
ALBUQUERQUE;0;0;0;0;0;0;0;0;0;0;0;0
CANTO;0;0;0;0;0;0;0;0;0;0;0;0
ESTRADA;0;0;0;0;0;0;0;0;0;0;0;0
OTAVIANO;0;0;0;0;0;0;0;0;0;0;0;0
PINTO;0;0;0;0;0;0;0;0;0;0;0;0
LAMI;0;0;0;0;0;0;0;0;0;0;0;0
CIDADA;0;0;0;0;0;0;0;0;0;0;0;0
DOUTORA;0;0;0;0;0;0;0;0;0;0;0;0
IVONE;0;0;0;0;0;0;0;0;0;0;0;0
FONSECA;0;0;0;0;0;0;0;0;0;0;0;0
GARCIA;0;0;0;0;0;0;0;0;0;0;0;0
PARIS;0;0;0;0;0;0;0;0;0;0;0;0
FRANCA;0;0;0;0;0;0;0;0;0;0;0;0
AUTORIZOU;0;0;0;0;0;0;0;0;0;0;0;0
CONTRATAR;0;0;0;0;0;0;0;0;0;0;0;0
OPERACAO;0;0;0;0;0;0;0;0;0;0;0;0
PMAT;0;0;0;0;0;0;0;0;0;0;0;0
BNDES;0;0;0;0;0;0;0;0;0;0;0;0
EXTERNO;0;0;0;0;0;0;0;0;0;0;0;0
OITENTA;0;0;0;0;0;0;0;0;0;0;0;0
MILHOES;0;0;0;0;0;0;0;0;0;0;0;0
OITOCENTOS;0;0;0;0;0;0;0;0;0;0;0;0
DOLARES;0;0;0;0;0;0;0;0;0;0;0;0
BANCO;0;0;0;0;0;0;0;0;0;0;0;0
INTERAMERICANO;0;0;0;0;0;0;0;0;0;0;0;0
DESENVOLVIMENTO;0;0;0;0;0;0;0;0;0;0;0;0
BID;0;0;0;0;0;0;0;0;0;0;0;0
ROCK;0;0;0;0;0;0;0;0;0;0;0;0
PETERSON;0;0;0;0;0;0;0;0;0;0;0;0
UNGARETTI;0;0;0;0;0;0;0;0;0;0;0;0
GUACIR;0;0;0;0;0;0;0;0;0;0;0;0
LLANO;0;0;0;0;0;0;0;0;0;0;0;0
BUENO;0;0;0;0;0;0;0;0;0;0;0;0
SESSENTA;0;0;0;0;0;0;0;0;0;0;0;0
OITO;0;0;0;0;0;0;0;0;0;0;0;0
PRAIA;0;0;0;0;0;0;0;0;0;0;0;0
BELAS;0;0;0;0;0;0;0;0;0;0;0;0
POSTOS;0;0;0;0;0;0;0;0;0;0;0;0
ESTAGIO;0;0;0;0;0;0;0;0;0;0;0;0
EXTRACURRICULAR;0;0;0;0;0;0;0;0;0;0;0;0
GABINETES;0;0;0;0;0;0;0;0;0;0;0;0
PARLAMENTARES;0;0;0;0;0;0;0;0;0;0;0;0
CMPA;0;0;0;0;0;0;0;0;0;0;0;0
ABERTURA;0;0;0;0;0;0;0;0;0;0;0;0
CREDITOS;0;0;0;0;0;0;0;0;0;0;0;0
NOVECENTOS;0;0;0;0;0;0;0;0;0;0;0;0
QUARENTA;0;0;0;0;0;0;0;0;0;0;0;0
SETE;0;0;0;0;0;0;0;0;0;0;0;0
REAIS;0;0;0;0;0;0;0;0;0;0;0;0
MEMORIAM;0;0;0;0;0;0;0;0;0;0;0;0
JOEL;0;0;0;0;0;0;0;0;0;0;0;0
FAGUNDES;0;0;0;0;0;0;0;0;0;0;0;0
CELSO;0;0;0;0;0;0;0;0;0;0;0;0
DIAS;0;0;0;0;0;0;0;0;0;0;0;0
DIHL;0;0;0;0;0;0;0;0;0;0;0;0
TRECHO;0;0;0;0;0;0;0;0;0;0;0;0
INICIA;0;0;0;0;0;0;0;0;0;0;0;0
LIMITE;0;0;0;0;0;0;0;0;0;0;0;0
SUDOESTE;0;0;0;0;0;0;0;0;0;0;0;0
TERMINA;0;0;0;0;0;0;0;0;0;0;0;0
APOS;0;0;0;0;0;0;0;0;0;0;0;0
DIRETRIZ;0;0;0;0;0;0;0;0;0;0;0;0
DELEGADOS;0;0;0;0;0;0;0;0;0;0;0;0
POLICIA;0;0;0;0;0;0;0;0;0;0;0;0
ASDEP;0;0;0;0;0;0;0;0;0;0;0;0
SUSTENTAVEL;0;0;0;0;0;0;0;0;0;0;0;0
ACOMPANHAMENTO;0;0;0;0;0;0;0;0;0;0;0;0
ESTRATEGICOS;0;0;0;0;0;0;0;0;0;0;0;0
SMGAE;0;0;0;0;0;0;0;0;0;0;0;0
COORDENACAO;0;0;0;0;0;0;0;0;0;0;0;0
POLITICA;0;0;0;0;0;0;0;0;0;0;0;0
GOVERNANCA;0;0;0;0;0;0;0;0;0;0;0;0
LOCAL;0;0;0;0;0;0;0;0;0;0;0;0
SMCPGL;0;0;0;0;0;0;0;0;0;0;0;0
SMGL;0;0;0;0;0;0;0;0;0;0;0;0
ESTABELECENDO-LHES;0;0;0;0;0;0;0;0;0;0;0;0
FINALIDADES;0;0;0;0;0;0;0;0;0;0;0;0
BASICAS;0;0;0;0;0;0;0;0;0;0;0;0
PARAGRFO;0;0;0;0;0;0;0;0;0;0;0;0
FEVEREIRO;0;0;0;0;0;0;0;0;0;0;0;0
OBRIGACOES;0;0;0;0;0;0;0;0;0;0;0;0
ACESSORIAS;0;0;0;0;0;0;0;0;0;0;0;0
RELATIVAS;0;0;0;0;0;0;0;0;0;0;0;0
NOTA;0;0;0;0;0;0;0;0;0;0;0;0
ELETRONICA;0;0;0;0;0;0;0;0;0;0;0;0
NFSE;0;0;0;0;0;0;0;0;0;0;0;0
PENALIDADES;0;0;0;0;0;0;0;0;0;0;0;0
SEU;0;0;0;0;0;0;0;0;0;0;0;0
DESCUMPRIMENTO;0;0;0;0;0;0;0;0;0;0;0;0
ESPERANCA;0;0;0;0;0;0;0;0;0;0;0;0
FRANCISCO;0;0;0;0;0;0;0;0;0;0;0;0
MUNHOZ;0;0;0;0;0;0;0;0;0;0;0;0
JUREMA;0;0;0;0;0;0;0;0;0;0;0;0
JANETE;0;0;0;0;0;0;0;0;0;0;0;0
SANTIAGO;0;0;0;0;0;0;0;0;0;0;0;0
ELCI;0;0;0;0;0;0;0;0;0;0;0;0
FERNANDES;0;0;0;0;0;0;0;0;0;0;0;0
ISABEL;0;0;0;0;0;0;0;0;0;0;0;0
VACARI;0;0;0;0;0;0;0;0;0;0;0;0
BRASILIA;0;0;0;0;0;0;0;0;0;0;0;0
SUELI;0;0;0;0;0;0;0;0;0;0;0;0
MARIA;0;0;0;0;0;0;0;0;0;0;0;0
SANTOS;0;0;0;0;0;0;0;0;0;0;0;0
ERNESTOR;0;0;0;0;0;0;0;0;0;0;0;0
MORAES;0;0;0;0;0;0;0;0;0;0;0;0
LEOPOLDINA;0;0;0;0;0;0;0;0;0;0;0;0
SANTA;0;0;0;0;0;0;0;0;0;0;0;0
ROSARIO;0;0;0;0;0;0;0;0;0;0;0;0
GONCALVES;0;0;0;0;0;0;0;0;0;0;0;0
EVA;0;0;0;0;0;0;0;0;0;0;0;0
TEREZINHA;0;0;0;0;0;0;0;0;0;0;0;0
ROSANGELA;0;0;0;0;0;0;0;0;0;0;0;0
BRUFATTO;0;0;0;0;0;0;0;0;0;0;0;0
CADASTRADOS;0;0;0;0;0;0;0;0;0;0;0;0
CONHECIDOS;0;0;0;0;0;0;0;0;0;0;0;0
RESPECTIVAMENTE;0;0;0;0;0;0;0;0;0;0;0;0
CENTO;0;0;0;0;0;0;0;0;0;0;0;0
CINQUENTA;0;0;0;0;0;0;0;0;0;0;0;0
DOIS;0;0;0;0;0;0;0;0;0;0;0;0
MESTRE-SALA;0;0;0;0;0;0;0;0;0;0;0;0
PORTA-BANDEIRA;0;0;0;0;0;0;0;0;0;0;0;0
PORTA-ESTANDARTE;0;0;0;0;0;0;0;0;0;0;0;0
GLACI;0;0;0;0;0;0;0;0;0;0;0;0
COSTI;0;0;0;0;0;0;0;0;0;0;0;0
DONA;0;0;0;0;0;0;0;0;0;0;0;0
ALZIRA;0;0;0;0;0;0;0;0;0;0;0;0
SARANDI;0;0;0;0;0;0;0;0;0;0;0;0
CORONEL;0;0;0;0;0;0;0;0;0;0;0;0
DASTRO;0;0;0;0;0;0;0;0;0;0;0;0
DUTRA;0;0;0;0;0;0;0;0;0;0;0;0
CLOVIS;0;0;0;0;0;0;0;0;0;0;0;0
STENZEL;0;0;0;0;0;0;0;0;0;0;0;0
ADALIBIO;0;0;0;0;0;0;0;0;0;0;0;0
KLEIN;0;0;0;0;0;0;0;0;0;0;0;0
FERNANDO;0;0;0;0;0;0;0;0;0;0;0;0
VERONEZI;0;0;0;0;0;0;0;0;0;0;0;0
OLIMPIO;0;0;0;0;0;0;0;0;0;0;0;0
TABAJARA;0;0;0;0;0;0;0;0;0;0;0;0
SOLON;0;0;0;0;0;0;0;0;0;0;0;0
VIEIRA;0;0;0;0;0;0;0;0;0;0;0;0
MARQUES;0;0;0;0;0;0;0;0;0;0;0;0
SIMEAO;0;0;0;0;0;0;0;0;0;0;0;0
MEIRA;0;0;0;0;0;0;0;0;0;0;0;0
LOCALIZADOS;0;0;0;0;0;0;0;0;0;0;0;0
ODILA;0;0;0;0;0;0;0;0;0;0;0;0
BUGANCA;0;0;0;0;0;0;0;0;0;0;0;0
SARGENTO;0;0;0;0;0;0;0;0;0;0;0;0
SERRARIA;0;0;0;0;0;0;0;0;0;0;0;0
TAXAS;0;0;0;0;0;0;0;0;0;0;0;0
FISCALIZACAO;0;0;0;0;0;0;0;0;0;0;0;0
AMBIENTAIS;0;0;0;0;0;0;0;0;0;0;0;0
CONTROLE;0;0;0;0;0;0;0;0;0;0;0;0
AMBIENTAL;0;0;0;0;0;0;0;0;0;0;0;0
LICENCIAMENTO;0;0;0;0;0;0;0;0;0;0;0;0
AMPLIANDO;0;0;0;0;0;0;0;0;0;0;0;0
VACATIO;0;0;0;0;0;0;0;0;0;0;0;0
LEGIS;0;0;0;0;0;0;0;0;0;0;0;0
ANEXOS;0;0;0;0;0;0;0;0;0;0;0;0
INCLUINDO;0;0;0;0;0;0;0;0;0;0;0;0
EXIGENCIAS;0;0;0;0;0;0;0;0;0;0;0;0
TAXA;0;0;0;0;0;0;0;0;0;0;0;0
TLA;0;0;0;0;0;0;0;0;0;0;0;0
CAVATIO;0;0;0;0;0;0;0;0;0;0;0;0
LIMITES;0;0;0;0;0;0;0;0;0;0;0;0
MACROZONA;0;0;0;0;0;0;0;0;0;0;0;0
UNIDADES;0;0;0;0;0;0;0;0;0;0;0;0
ESTRUTURACAO;0;0;0;0;0;0;0;0;0;0;0;0
UEU;0;0;0;0;0;0;0;0;0;0;0;0
ROMULO;0;0;0;0;0;0;0;0;0;0;0;0
SILVA;0;0;0;0;0;0;0;0;0;0;0;0
FERIADOS;0;0;0;0;0;0;0;0;0;0;0;0
DECLARANDO;0;0;0;0;0;0;0;0;0;0;0;0
FERIADO;0;0;0;0;0;0;0;0;0;0;0;0
CONSAGRANDO;0;0;0;0;0;0;0;0;0;0;0;0
CONSCIENCIA;0;0;0;0;0;0;0;0;0;0;0;0
NEGRA;0;0;0;0;0;0;0;0;0;0;0;0
DIFUSAO;0;0;0;0;0;0;0;0;0;0;0;0
RELIOGIOSIDADE;0;0;0;0;0;0;0;0;0;0;0;0
MIGUEL;0;0;0;0;0;0;0;0;0;0;0;0
PEREIRA;0;0;0;0;0;0;0;0;0;0;0;0
RAUL;0;0;0;0;0;0;0;0;0;0;0;0
BOEIRA;0;0;0;0;0;0;0;0;0;0;0;0
RENALDO;0;0;0;0;0;0;0;0;0;0;0;0
FRIEDRICH;0;0;0;0;0;0;0;0;0;0;0;0
PISTA;0;0;0;0;0;0;0;0;0;0;0;0
ATLETICA;0;0;0;0;0;0;0;0;0;0;0;0
TORBEN;0;0;0;0;0;0;0;0;0;0;0;0
ALENCASTRO;0;0;0;0;0;0;0;0;0;0;0;0
LOCALIZADA;0;0;0;0;0;0;0;0;0;0;0;0
CORREA;0;0;0;0;0;0;0;0;0;0;0;0
PERMUTAR;0;0;0;0;0;0;0;0;0;0;0;0
PROPRIO;0;0;0;0;0;0;0;0;0;0;0;0
LOUREIRO;0;0;0;0;0;0;0;0;0;0;0;0
MATRICULA;0;0;0;0;0;0;0;0;0;0;0;0
CARTORIO;0;0;0;0;0;0;0;0;0;0;0;0
REGISTRO;0;0;0;0;0;0;0;0;0;0;0;0
IMOVEIS;0;0;0;0;0;0;0;0;0;0;0;0
ZONA;0;0;0;0;0;0;0;0;0;0;0;0
PARTICULARES;0;0;0;0;0;0;0;0;0;0;0;0
PROPRIEDADE;0;0;0;0;0;0;0;0;0;0;0;0
SUCESSAO;0;0;0;0;0;0;0;0;0;0;0;0
ALDO;0;0;0;0;0;0;0;0;0;0;0;0
BESSON;0;0;0;0;0;0;0;0;0;0;0;0
DIARIO;0;0;0;0;0;0;0;0;0;0;0;0
NOTICIAS;0;0;0;0;0;0;0;0;0;0;0;0
MATRICULAS;0;0;0;0;0;0;0;0;0;0;0;0
DESTA;0;0;0;0;0;0;0;0;0;0;0;0
CAPITAL;0;0;0;0;0;0;0;0;0;0;0;0
ROTATORIA;0;0;0;0;0;0;0;0;0;0;0;0
AVENIDAS;0;0;0;0;0;0;0;0;0;0;0;0
ICARAI;0;0;0;0;0;0;0;0;0;0;0;0
WENCESLAU;0;0;0;0;0;0;0;0;0;0;0;0
ESCOBAR;0;0;0;0;0;0;0;0;0;0;0;0
OBRAS;0;0;0;0;0;0;0;0;0;0;0;0
CIVIS;0;0;0;0;0;0;0;0;0;0;0;0
CONSTRUCOES;0;0;0;0;0;0;0;0;0;0;0;0
HABITACIONAL;0;0;0;0;0;0;0;0;0;0;0;0
HEROPHILO;0;0;0;0;0;0;0;0;0;0;0;0
AZAMBUJA;0;0;0;0;0;0;0;0;0;0;0;0
IPE;0;0;0;0;0;0;0;0;0;0;0;0
PROTASIO;0;0;0;0;0;0;0;0;0;0;0;0
ALVES;0;0;0;0;0;0;0;0;0;0;0;0
BENTO;0;0;0;0;0;0;0;0;0;0;0;0
ANTONIO;0;0;0;0;0;0;0;0;0;0;0;0
CARVALHO;0;0;0;0;0;0;0;0;0;0;0;0
OBJETO;0;0;0;0;0;0;0;0;0;0;0;0
ORIGINAL;0;0;0;0;0;0;0;0;0;0;0;0
INSTITUTO;0;0;0;0;0;0;0;0;0;0;0;0
PREVIDENCIA;0;0;0;0;0;0;0;0;0;0;0;0
IPERGS;0;0;0;0;0;0;0;0;0;0;0;0
OLY;0;0;0;0;0;0;0;0;0;0;0;0
ERICO;0;0;0;0;0;0;0;0;0;0;0;0
COSTA;0;0;0;0;0;0;0;0;0;0;0;0
FACHIN;0;0;0;0;0;0;0;0;0;0;0;0
PROCURADORIA;0;0;0;0;0;0;0;0;0;0;0;0
MULHER;0;0;0;0;0;0;0;0;0;0;0;0
ORGAOS;0;0;0;0;0;0;0;0;0;0;0;0
REGIMENTO;0;0;0;0;0;0;0;0;0;0;0;0
POSTERIORESCRIANDO;0;0;0;0;0;0;0;0;0;0;0;0
XVI;0;0;0;0;0;0;0;0;0;0;0;0
OFICIALIZA;0;0;0;0;0;0;0;0;0;0;0;0
FARROUPILHA;0;0;0;0;0;0;0;0;0;0;0;0
COMPOSITORES;0;0;0;0;0;0;0;0;0;0;0;0
MUSICAIS;0;0;0;0;0;0;0;0;0;0;0;0
ROL;0;0;0;0;0;0;0;0;0;0;0;0
REPRESENTACAO;0;0;0;0;0;0;0;0;0;0;0;0
RESPONSAVEL;0;0;0;0;0;0;0;0;0;0;0;0
PROGRAMACAO;0;0;0;0;0;0;0;0;0;0;0;0
ACADEMIA;0;0;0;0;0;0;0;0;0;0;0;0
RIO-GRANDENSE;0;0;0;0;0;0;0;0;0;0;0;0
LETRAS;0;0;0;0;0;0;0;0;0;0;0;0
FUNDACAO;0;0;0;0;0;0;0;0;0;0;0;0
CULTURAL;0;0;0;0;0;0;0;0;0;0;0;0
ASSISTENCIAL;0;0;0;0;0;0;0;0;0;0;0;0
ECARTA;0;0;0;0;0;0;0;0;0;0;0;0
FRANSCICA;0;0;0;0;0;0;0;0;0;0;0;0
ASSESSOR;0;0;0;0;0;0;0;0;0;0;0;0
GABINETE;0;0;0;0;0;0;0;0;0;0;0;0
ESPECIFICA;0;0;0;0;0;0;0;0;0;0;0;0
AMBOS;0;0;0;0;0;0;0;0;0;0;0;0
FUNDO;0;0;0;0;0;0;0;0;0;0;0;0
REAPARELHAMENTO;0;0;0;0;0;0;0;0;0;0;0;0
APERFEICOAMENTO;0;0;0;0;0;0;0;0;0;0;0;0
PREVIDENCIARIO;0;0;0;0;0;0;0;0;0;0;0;0
FRAP;0;0;0;0;0;0;0;0;0;0;0;0
AMELIA;0;0;0;0;0;0;0;0;0;0;0;0
SANTINI;0;0;0;0;0;0;0;0;0;0;0;0
RUBEM;0;0;0;0;0;0;0;0;0;0;0;0
BERTA;0;0;0;0;0;0;0;0;0;0;0;0
AMARELO;0;0;0;0;0;0;0;0;0;0;0;0
FEIRA;0;0;0;0;0;0;0;0;0;0;0;0
ARTE;0;0;0;0;0;0;0;0;0;0;0;0
ANTIGA;0;0;0;0;0;0;0;0;0;0;0;0
CONTEMPORANEA;0;0;0;0;0;0;0;0;0;0;0;0
MERCADO;0;0;0;0;0;0;0;0;0;0;0;0
CADA;0;0;0;0;0;0;0;0;0;0;0;0
CLAUDIO;0;0;0;0;0;0;0;0;0;0;0;0
ROBERTO;0;0;0;0;0;0;0;0;0;0;0;0
PAGNO;0;0;0;0;0;0;0;0;0;0;0;0
DEFESA;0;0;0;0;0;0;0;0;0;0;0;0
INFORMACAO;0;0;0;0;0;0;0;0;0;0;0;0
CONSUMIDOR;0;0;0;0;0;0;0;0;0;0;0;0
ANDICOM;0;0;0;0;0;0;0;0;0;0;0;0
REGRAS;0;0;0;0;0;0;0;0;0;0;0;0
DIARIA;0;0;0;0;0;0;0;0;0;0;0;0
VEREADOR;0;0;0;0;0;0;0;0;0;0;0;0
SERVIDOR;0;0;0;0;0;0;0;0;0;0;0;0
DISPOSICAO;0;0;0;0;0;0;0;0;0;0;0;0
ENTIDADE;0;0;0;0;0;0;0;0;0;0;0;0
PACTO;0;0;0;0;0;0;0;0;0;0;0;0
PASTORAL;0;0;0;0;0;0;0;0;0;0;0;0
AUXILIO;0;0;0;0;0;0;0;0;0;0;0;0
COMUNITARIO;0;0;0;0;0;0;0;0;0;0;0;0
TOXICOMANO;0;0;0;0;0;0;0;0;0;0;0;0
CONTADOR;0;0;0;0;0;0;0;0;0;0;0;0
ZULMIR;0;0;0;0;0;0;0;0;0;0;0;0
IVANIO;0;0;0;0;0;0;0;0;0;0;0;0
BREDA;0;0;0;0;0;0;0;0;0;0;0;0
BIAGIO;0;0;0;0;0;0;0;0;0;0;0;0
MORELLI;0;0;0;0;0;0;0;0;0;0;0;0
SETENTA;0;0;0;0;0;0;0;0;0;0;0;0
SAFIRA;0;0;0;0;0;0;0;0;0;0;0;0
SOLIMAR;0;0;0;0;0;0;0;0;0;0;0;0
OPEN;0;0;0;0;0;0;0;0;0;0;0;0
FREI;0;0;0;0;0;0;0;0;0;0;0;0
ROVILIO;0;0;0;0;0;0;0;0;0;0;0;0
FARRAPOS;0;0;0;0;0;0;0;0;0;0;0;0
DESAFETA;0;0;0;0;0;0;0;0;0;0;0;0
PARTE;0;0;0;0;0;0;0;0;0;0;0;0
DESTINADA;0;0;0;0;0;0;0;0;0;0;0;0
VISANDO;0;0;0;0;0;0;0;0;0;0;0;0
REGULARIZAR;0;0;0;0;0;0;0;0;0;0;0;0
ESTACAO;0;0;0;0;0;0;0;0;0;0;0;0
TRATAMENTO;0;0;0;0;0;0;0;0;0;0;0;0
ESGOTO;0;0;0;0;0;0;0;0;0;0;0;0
ETE;0;0;0;0;0;0;0;0;0;0;0;0
AUTORIZACAO;0;0;0;0;0;0;0;0;0;0;0;0
DOACAO;0;0;0;0;0;0;0;0;0;0;0;0
AGUAS;0;0;0;0;0;0;0;0;0;0;0;0
HABITACAO;0;0;0;0;0;0;0;0;0;0;0;0
DEMHAB;0;0;0;0;0;0;0;0;0;0;0;0
BELA;0;0;0;0;0;0;0;0;0;0;0;0
VISTA;0;0;0;0;0;0;0;0;0;0;0;0
PUBLICAS;0;0;0;0;0;0;0;0;0;0;0;0
COMUNITARIAS;0;0;0;0;0;0;0;0;0;0;0;0
ORQUIDEAS;0;0;0;0;0;0;0;0;0;0;0;0
ILDO;0;0;0;0;0;0;0;0;0;0;0;0
ELY;0;0;0;0;0;0;0;0;0;0;0;0
AZENHA;0;0;0;0;0;0;0;0;0;0;0;0
PAULA;0;0;0;0;0;0;0;0;0;0;0;0
LEAL;0;0;0;0;0;0;0;0;0;0;0;0
FREDERICO;0;0;0;0;0;0;0;0;0;0;0;0
MENTZ;0;0;0;0;0;0;0;0;0;0;0;0
NEORY;0;0;0;0;0;0;0;0;0;0;0;0
MULLER;0;0;0;0;0;0;0;0;0;0;0;0
FEOLI;0;0;0;0;0;0;0;0;0;0;0;0
GUARAGNA;0;0;0;0;0;0;0;0;0;0;0;0
GAETANO;0;0;0;0;0;0;0;0;0;0;0;0
SANTAGADA;0;0;0;0;0;0;0;0;0;0;0;0
NUNCIA;0;0;0;0;0;0;0;0;0;0;0;0
CONSTANTINO;0;0;0;0;0;0;0;0;0;0;0;0
JADIM;0;0;0;0;0;0;0;0;0;0;0;0
SANZI;0;0;0;0;0;0;0;0;0;0;0;0
CARLOS;0;0;0;0;0;0;0;0;0;0;0;0
MOTTA;0;0;0;0;0;0;0;0;0;0;0;0
SOBRINHO;0;0;0;0;0;0;0;0;0;0;0;0
GERACAO;0;0;0;0;0;0;0;0;0;0;0;0
TRICOLOR;0;0;0;0;0;0;0;0;0;0;0;0
IGT;0;0;0;0;0;0;0;0;0;0;0;0
DESAFETAR;0;0;0;0;0;0;0;0;0;0;0;0
DOAR;0;0;0;0;0;0;0;0;0;0;0;0
COMUNITARIA;0;0;0;0;0;0;0;0;0;0;0;0
QUILOMBO;0;0;0;0;0;0;0;0;0;0;0;0
AREAL;0;0;0;0;0;0;0;0;0;0;0;0
RECONHECIMENTO;0;0;0;0;0;0;0;0;0;0;0;0
DEFINITIVA;0;0;0;0;0;0;0;0;0;0;0;0
DESCREVE;0;0;0;0;0;0;0;0;0;0;0;0
INTERESSE;0;0;0;0;0;0;0;0;0;0;0;0
CULTURAR;0;0;0;0;0;0;0;0;0;0;0;0
AEIC;0;0;0;0;0;0;0;0;0;0;0;0
TERMOS;0;0;0;0;0;0;0;0;0;0;0;0
PDDUA;0;0;0;0;0;0;0;0;0;0;0;0
MESMA;0;0;0;0;0;0;0;0;0;0;0;0
IVAR;0;0;0;0;0;0;0;0;0;0;0;0
PIAZZETA;0;0;0;0;0;0;0;0;0;0;0;0
SAO;0;0;0;0;0;0;0;0;0;0;0;0
ALBERTO;0;0;0;0;0;0;0;0;0;0;0;0
SCHETTERT;0;0;0;0;0;0;0;0;0;0;0;0
FEDERACAO;0;0;0;0;0;0;0;0;0;0;0;0
SINDICAL;0;0;0;0;0;0;0;0;0;0;0;0
FESSERGS;0;0;0;0;0;0;0;0;0;0;0;0
SUL-RIOGRANDENSE;0;0;0;0;0;0;0;0;0;0;0;0
SOFTWARE;0;0;0;0;0;0;0;0;0;0;0;0
SOFTSUL;0;0;0;0;0;0;0;0;0;0;0;0
LUCIO;0;0;0;0;0;0;0;0;0;0;0;0
SPORT;0;0;0;0;0;0;0;0;0;0;0;0
INTERNACIONAL;0;0;0;0;0;0;0;0;0;0;0;0
NESTOR;0;0;0;0;0;0;0;0;0;0;0;0
LUDWIG;0;0;0;0;0;0;0;0;0;0;0;0
MEDINA;0;0;0;0;0;0;0;0;0;0;0;0
HABITASUL;0;0;0;0;0;0;0;0;0;0;0;0
BARICHELLO;0;0;0;0;0;0;0;0;0;0;0;0
DETENTORES;0;0;0;0;0;0;0;0;0;0;0;0
CARGO;0;0;0;0;0;0;0;0;0;0;0;0
GUARDA;0;0;0;0;0;0;0;0;0;0;0;0
IRAJA;0;0;0;0;0;0;0;0;0;0;0;0
ALMEIDA;0;0;0;0;0;0;0;0;0;0;0;0
GUTERRES;0;0;0;0;0;0;0;0;0;0;0;0
SAMBA;0;0;0;0;0;0;0;0;0;0;0;0
INSTITUCIONAL;0;0;0;0;0;0;0;0;0;0;0;0
AEII;0;0;0;0;0;0;0;0;0;0;0;0
SUBUNIDADE;0;0;0;0;0;0;0;0;0;0;0;0
UNIDADE;0;0;0;0;0;0;0;0;0;0;0;0
CONSTITUIDA;0;0;0;0;0;0;0;0;0;0;0;0
TERRENOS;0;0;0;0;0;0;0;0;0;0;0;0
OCUPADOS;0;0;0;0;0;0;0;0;0;0;0;0
COMPLEXO;0;0;0;0;0;0;0;0;0;0;0;0
HOSPITALAR;0;0;0;0;0;0;0;0;0;0;0;0
MAE;0;0;0;0;0;0;0;0;0;0;0;0
DEUS;0;0;0;0;0;0;0;0;0;0;0;0
DEFINE-LHE;0;0;0;0;0;0;0;0;0;0;0;0
REGIME;0;0;0;0;0;0;0;0;0;0;0;0
URBANISTICO;0;0;0;0;0;0;0;0;0;0;0;0
PADROES;0;0;0;0;0;0;0;0;0;0;0;0
SUBUNIDADES;0;0;0;0;0;0;0;0;0;0;0;0
PAULO;0;0;0;0;0;0;0;0;0;0;0;0
MONTEIRO;0;0;0;0;0;0;0;0;0;0;0;0
FREITAS;0;0;0;0;0;0;0;0;0;0;0;0
DAVID;0;0;0;0;0;0;0;0;0;0;0;0
REFUGIUS;0;0;0;0;0;0;0;0;0;0;0;0
BAR;0;0;0;0;0;0;0;0;0;0;0;0
ALOYZIO;0;0;0;0;0;0;0;0;0;0;0;0
CECHELLA;0;0;0;0;0;0;0;0;0;0;0;0
ACHUTTI;0;0;0;0;0;0;0;0;0;0;0;0
CORTES;0;0;0;0;0;0;0;0;0;0;0;0
CESA;0;0;0;0;0;0;0;0;0;0;0;0
LONGO;0;0;0;0;0;0;0;0;0;0;0;0
ANDRES;0;0;0;0;0;0;0;0;0;0;0;0
NICOLAS;0;0;0;0;0;0;0;0;0;0;0;0
DALESSANDRO;0;0;0;0;0;0;0;0;0;0;0;0
PROVINCIA;0;0;0;0;0;0;0;0;0;0;0;0
AUTONOMA;0;0;0;0;0;0;0;0;0;0;0;0
TRENTO;0;0;0;0;0;0;0;0;0;0;0;0
LAGOS;0;0;0;0;0;0;0;0;0;0;0;0
PROCISSAO;0;0;0;0;0;0;0;0;0;0;0;0
GRACAS;0;0;0;0;0;0;0;0;0;0;0;0
MEDALHA;0;0;0;0;0;0;0;0;0;0;0;0
MILAGROSA;0;0;0;0;0;0;0;0;0;0;0;0
QUARTO;0;0;0;0;0;0;0;0;0;0;0;0
DOMINGO;0;0;0;0;0;0;0;0;0;0;0;0
GAUCHA;0;0;0;0;0;0;0;0;0;0;0;0
AMIGOS;0;0;0;0;0;0;0;0;0;0;0;0
CIRCO;0;0;0;0;0;0;0;0;0;0;0;0
RITA;0;0;0;0;0;0;0;0;0;0;0;0
BRANDAO;0;0;0;0;0;0;0;0;0;0;0;0
SEGER;0;0;0;0;0;0;0;0;0;0;0;0
ITU;0;0;0;0;0;0;0;0;0;0;0;0
SABARA;0;0;0;0;0;0;0;0;0;0;0;0
NATAL;0;0;0;0;0;0;0;0;0;0;0;0
PERIODO;0;0;0;0;0;0;0;0;0;0;0;0
SER;0;0;0;0;0;0;0;0;0;0;0;0
DEFINIDO;0;0;0;0;0;0;0;0;0;0;0;0
ANUALMENTE;0;0;0;0;0;0;0;0;0;0;0;0
DORA;0;0;0;0;0;0;0;0;0;0;0;0
SCHARDONG;0;0;0;0;0;0;0;0;0;0;0;0
NOVENTA;0;0;0;0;0;0;0;0;0;0;0;0
MEDIDAS;0;0;0;0;0;0;0;0;0;0;0;0
INCENTIVO;0;0;0;0;0;0;0;0;0;0;0;0
INOVACAO;0;0;0;0;0;0;0;0;0;0;0;0
PESQUISA;0;0;0;0;0;0;0;0;0;0;0;0
CIENTIFICA;0;0;0;0;0;0;0;0;0;0;0;0
TECNOLOGICA;0;0;0;0;0;0;0;0;0;0;0;0
ACADEMICO;0;0;0;0;0;0;0;0;0;0;0;0
CONSTITUICAO;0;0;0;0;0;0;0;0;0;0;0;0
CONSELHO;0;0;0;0;0;0;0;0;0;0;0;0
GESTOR;0;0;0;0;0;0;0;0;0;0;0;0
EX-JOGADOR;0;0;0;0;0;0;0;0;0;0;0;0
FUTEBOL;0;0;0;0;0;0;0;0;0;0;0;0
JOGOS;0;0;0;0;0;0;0;0;0;0;0;0
CANELA;0;0;0;0;0;0;0;0;0;0;0;0
PRETA;0;0;0;0;0;0;0;0;0;0;0;0
SABADO;0;0;0;0;0;0;0;0;0;0;0;0
FINDAREM;0;0;0;0;0;0;0;0;0;0;0;0
ACAO;0;0;0;0;0;0;0;0;0;0;0;0
ANTIRRACISMO;0;0;0;0;0;0;0;0;0;0;0;0
RADIALISTA;0;0;0;0;0;0;0;0;0;0;0;0
ODIR;0;0;0;0;0;0;0;0;0;0;0;0
FERREIRA;0;0;0;0;0;0;0;0;0;0;0;0
CLINICA;0;0;0;0;0;0;0;0;0;0;0;0
HELP;0;0;0;0;0;0;0;0;0;0;0;0
ASSESSORIA;0;0;0;0;0;0;0;0;0;0;0;0
PSICOLOGICA;0;0;0;0;0;0;0;0;0;0;0;0
ESTRUTURA;0;0;0;0;0;0;0;0;0;0;0;0
TESOURO;0;0;0;0;0;0;0;0;0;0;0;0
SUPERINTENDENCIA;0;0;0;0;0;0;0;0;0;0;0;0
TECNOLOGIA;0;0;0;0;0;0;0;0;0;0;0;0
DEFINE;0;0;0;0;0;0;0;0;0;0;0;0
BASICA;0;0;0;0;0;0;0;0;0;0;0;0
INSTITUCIONAIS;0;0;0;0;0;0;0;0;0;0;0;0
DESTES;0;0;0;0;0;0;0;0;0;0;0;0
CONTROLADORIA-GERAL;0;0;0;0;0;0;0;0;0;0;0;0
UNIAO;0;0;0;0;0;0;0;0;0;0;0;0
DESTAQUES;0;0;0;0;0;0;0;0;0;0;0;0
CARNAVAL;0;0;0;0;0;0;0;0;0;0;0;0
UDESCA;0;0;0;0;0;0;0;0;0;0;0;0
JEAN;0;0;0;0;0;0;0;0;0;0;0;0
WYLLYS;0;0;0;0;0;0;0;0;0;0;0;0
MATOS;0;0;0;0;0;0;0;0;0;0;0;0
JUSTICA;0;0;0;0;0;0;0;0;0;0;0;0
ASJ;0;0;0;0;0;0;0;0;0;0;0;0
ABREU;0;0;0;0;0;0;0;0;0;0;0;0
PADRE;0;0;0;0;0;0;0;0;0;0;0;0
CLAUDIONIR;0;0;0;0;0;0;0;0;0;0;0;0
CERON;0;0;0;0;0;0;0;0;0;0;0;0
RURAL;0;0;0;0;0;0;0;0;0;0;0;0
PRINCIPAL;0;0;0;0;0;0;0;0;0;0;0;0
PONTA;0;0;0;0;0;0;0;0;0;0;0;0
GROSSA;0;0;0;0;0;0;0;0;0;0;0;0
RETIRO;0;0;0;0;0;0;0;0;0;0;0;0
COMPREENDIDO;0;0;0;0;0;0;0;0;0;0;0;0
ROTULA;0;0;0;0;0;0;0;0;0;0;0;0
JUCA;0;0;0;0;0;0;0;0;0;0;0;0
EGYDIO;0;0;0;0;0;0;0;0;0;0;0;0
PEDRO;0;0;0;0;0;0;0;0;0;0;0;0
FLACH;0;0;0;0;0;0;0;0;0;0;0;0
DEZESSETE;0;0;0;0;0;0;0;0;0;0;0;0
SEMPRE;0;0;0;0;0;0;0;0;0;0;0;0
MULHER:;0;0;0;0;0;0;0;0;0;0;0;0
INTERVENCAO;0;0;0;0;0;0;0;0;0;0;0;0
RELACOES;0;0;0;0;0;0;0;0;0;0;0;0
RACIAIS;0;0;0;0;0;0;0;0;0;0;0;0
CONTRA;0;0;0;0;0;0;0;0;0;0;0;0
MAUS;0;0;0;0;0;0;0;0;0;0;0;0
TRATOS;0;0;0;0;0;0;0;0;0;0;0;0
ABANDONO;0;0;0;0;0;0;0;0;0;0;0;0
ANIMAIS;0;0;0;0;0;0;0;0;0;0;0;0
REALIZADA;0;0;0;0;0;0;0;0;0;0;0;0
INCLUIR;0;0;0;0;0;0;0;0;0;0;0;0
LARGO;0;0;0;0;0;0;0;0;0;0;0;0
DIOGO;0;0;0;0;0;0;0;0;0;0;0;0
BALNEARIO;0;0;0;0;0;0;0;0;0;0;0;0
ARADO;0;0;0;0;0;0;0;0;0;0;0;0
VELHO;0;0;0;0;0;0;0;0;0;0;0;0
BELEM;0;0;0;0;0;0;0;0;0;0;0;0
NOVO;0;0;0;0;0;0;0;0;0;0;0;0
REGGAE;0;0;0;0;0;0;0;0;0;0;0;0
HELIO;0;0;0;0;0;0;0;0;0;0;0;0
MARTINS;0;0;0;0;0;0;0;0;0;0;0;0
ISENTA;0;0;0;0;0;0;0;0;0;0;0;0
NIVEL;0;0;0;0;0;0;0;0;0;0;0;0
MEDIO;0;0;0;0;0;0;0;0;0;0;0;0
BRIGADA;0;0;0;0;0;0;0;0;0;0;0;0
MILITAR;0;0;0;0;0;0;0;0;0;0;0;0
DESDE;0;0;0;0;0;0;0;0;0;0;0;0
MEDIANTE;0;0;0;0;0;0;0;0;0;0;0;0
APRESENTACAO;0;0;0;0;0;0;0;0;0;0;0;0
QUALQUER;0;0;0;0;0;0;0;0;0;0;0;0
DOCUMENTO;0;0;0;0;0;0;0;0;0;0;0;0
FUNCIONAL;0;0;0;0;0;0;0;0;0;0;0;0
CARTAO;0;0;0;0;0;0;0;0;0;0;0;0
ELETRONICO;0;0;0;0;0;0;0;0;0;0;0;0
PASSE;0;0;0;0;0;0;0;0;0;0;0;0
GRATUITO;0;0;0;0;0;0;0;0;0;0;0;0
EMITIDO;0;0;0;0;0;0;0;0;0;0;0;0
CIRCULACAO;0;0;0;0;0;0;0;0;0;0;0;0
EPTC;0;0;0;0;0;0;0;0;0;0;0;0
CONCESSIONARIAS;0;0;0;0;0;0;0;0;0;0;0;0
FORNECEM;0;0;0;0;0;0;0;0;0;0;0;0
ENERGIA;0;0;0;0;0;0;0;0;0;0;0;0
ELETRICA;0;0;0;0;0;0;0;0;0;0;0;0
TELEFONIA;0;0;0;0;0;0;0;0;0;0;0;0
BANDA;0;0;0;0;0;0;0;0;0;0;0;0
LARGA;0;0;0;0;0;0;0;0;0;0;0;0
TELEVISAO;0;0;0;0;0;0;0;0;0;0;0;0
CABO;0;0;0;0;0;0;0;0;0;0;0;0
OUTRO;0;0;0;0;0;0;0;0;0;0;0;0
REDE;0;0;0;0;0;0;0;0;0;0;0;0
AEREA;0;0;0;0;0;0;0;0;0;0;0;0
RETIRAR;0;0;0;0;0;0;0;0;0;0;0;0
POSTES;0;0;0;0;0;0;0;0;0;0;0;0
FIACAO;0;0;0;0;0;0;0;0;0;0;0;0
EXCEDENTE;0;0;0;0;0;0;0;0;0;0;0;0
TENHAM;0;0;0;0;0;0;0;0;0;0;0;0
INSTALADO;0;0;0;0;0;0;0;0;0;0;0;0
ULYSSES;0;0;0;0;0;0;0;0;0;0;0;0
NASCIMENTO;0;0;0;0;0;0;0;0;0;0;0;0
LOPES;0;0;0;0;0;0;0;0;0;0;0;0
MANICA;0;0;0;0;0;0;0;0;0;0;0;0
LAVOURA;0;0;0;0;0;0;0;0;0;0;0;0
IRMA;0;0;0;0;0;0;0;0;0;0;0;0
GENTILA;0;0;0;0;0;0;0;0;0;0;0;0
SEGATTO;0;0;0;0;0;0;0;0;0;0;0;0
CORDEIRO;0;0;0;0;0;0;0;0;0;0;0;0
ENXADRISMO;0;0;0;0;0;0;0;0;0;0;0;0
UEUS;0;0;0;0;0;0;0;0;0;0;0;0
MARCINO;0;0;0;0;0;0;0;0;0;0;0;0
COMUM;0;0;0;0;0;0;0;0;0;0;0;0
POVO;0;0;0;0;0;0;0;0;0;0;0;0
LINDEIRA;0;0;0;0;0;0;0;0;0;0;0;0
HOSPITAL;0;0;0;0;0;0;0;0;0;0;0;0
CONCEICAO;0;0;0;0;0;0;0;0;0;0;0;0
SITUADA;0;0;0;0;0;0;0;0;0;0;0;0
CRISTO;0;0;0;0;0;0;0;0;0;0;0;0
REDENTOR;0;0;0;0;0;0;0;0;0;0;0;0
DACAO;0;0;0;0;0;0;0;0;0;0;0;0
IMOVEL;0;0;0;0;0;0;0;0;0;0;0;0
TAEKWONDO;0;0;0;0;0;0;0;0;0;0;0;0
CIRO;0;0;0;0;0;0;0;0;0;0;0;0
BORGES;0;0;0;0;0;0;0;0;0;0;0;0
LEGISLATIVO;0;0;0;0;0;0;0;0;0;0;0;0
CELEBRAR;0;0;0;0;0;0;0;0;0;0;0;0
CONTRATO;0;0;0;0;0;0;0;0;0;0;0;0
PESSOAS;0;0;0;0;0;0;0;0;0;0;0;0
JURIDICAS;0;0;0;0;0;0;0;0;0;0;0;0
TENHA;0;0;0;0;0;0;0;0;0;0;0;0
EFETUADO;0;0;0;0;0;0;0;0;0;0;0;0
DINHEIRO;0;0;0;0;0;0;0;0;0;0;0;0
ESTIMAVEL;0;0;0;0;0;0;0;0;0;0;0;0
PARTIDO;0;0;0;0;0;0;0;0;0;0;0;0
POLITICO;0;0;0;0;0;0;0;0;0;0;0;0
CAMPANHA;0;0;0;0;0;0;0;0;0;0;0;0
ELEITORAL;0;0;0;0;0;0;0;0;0;0;0;0
CANDIDATO;0;0;0;0;0;0;0;0;0;0;0;0
ELETIVO;0;0;0;0;0;0;0;0;0;0;0;0
CONTADOS;0;0;0;0;0;0;0;0;0;0;0;0
DATA;0;0;0;0;0;0;0;0;0;0;0;0
SANTO;0;0;0;0;0;0;0;0;0;0;0;0
CATEGERO;0;0;0;0;0;0;0;0;0;0;0;0
ALAMEDA;0;0;0;0;0;0;0;0;0;0;0;0
BOQUEIRAO;0;0;0;0;0;0;0;0;0;0;0;0
MANOEL;0;0;0;0;0;0;0;0;0;0;0;0
PORTAL;0;0;0;0;0;0;0;0;0;0;0;0
GUARUJA;0;0;0;0;0;0;0;0;0;0;0;0
HERCULANO;0;0;0;0;0;0;0;0;0;0;0;0
CARNEIRO;0;0;0;0;0;0;0;0;0;0;0;0
ITO;0;0;0;0;0;0;0;0;0;0;0;0
BELVEDERE-;0;0;0;0;0;0;0;0;0;0;0;0
JULIO;0;0;0;0;0;0;0;0;0;0;0;0
CESAR;0;0;0;0;0;0;0;0;0;0;0;0
JULIA;0;0;0;0;0;0;0;0;0;0;0;0
CONEGO;0;0;0;0;0;0;0;0;0;0;0;0
ALEIXO;0;0;0;0;0;0;0;0;0;0;0;0
APARECIDA;0;0;0;0;0;0;0;0;0;0;0;0
VICENTE;0;0;0;0;0;0;0;0;0;0;0;0
PREVENCAO;0;0;0;0;0;0;0;0;0;0;0;0
COMBATE;0;0;0;0;0;0;0;0;0;0;0;0
TRAFICO;0;0;0;0;0;0;0;0;0;0;0;0
OLINDA;0;0;0;0;0;0;0;0;0;0;0;0
CASSIANO;0;0;0;0;0;0;0;0;0;0;0;0
CHACARA;0;0;0;0;0;0;0;0;0;0;0;0
FUMACA;0;0;0;0;0;0;0;0;0;0;0;0
AUXILIADORA;0;0;0;0;0;0;0;0;0;0;0;0
PREDIAL;0;0;0;0;0;0;0;0;0;0;0;0
PAZ;0;0;0;0;0;0;0;0;0;0;0;0
COMERCIALIZEM;0;0;0;0;0;0;0;0;0;0;0;0
GENEROS;0;0;0;0;0;0;0;0;0;0;0;0
ATENDIMENTO;0;0;0;0;0;0;0;0;0;0;0;0
CONSUMIDORES;0;0;0;0;0;0;0;0;0;0;0;0
RECOMENDADOS;0;0;0;0;0;0;0;0;0;0;0;0
DIABETES;0;0;0;0;0;0;0;0;0;0;0;0
RESERVADO;0;0;0;0;0;0;0;0;0;0;0;0
IDENTIFICADO;0;0;0;0;0;0;0;0;0;0;0;0
DESTACADA;0;0;0;0;0;0;0;0;0;0;0;0
HOSPITALARES;0;0;0;0;0;0;0;0;0;0;0;0
CLINICAS;0;0;0;0;0;0;0;0;0;0;0;0
AMBULATORIOS;0;0;0;0;0;0;0;0;0;0;0;0
CENTROS;0;0;0;0;0;0;0;0;0;0;0;0
SAUDE;0;0;0;0;0;0;0;0;0;0;0;0
SIMILARES;0;0;0;0;0;0;0;0;0;0;0;0
COMUNICAR;0;0;0;0;0;0;0;0;0;0;0;0
FORMALMENTE;0;0;0;0;0;0;0;0;0;0;0;0
CASOS;0;0;0;0;0;0;0;0;0;0;0;0
CRIANCA;0;0;0;0;0;0;0;0;0;0;0;0
ADOLESCENTE;0;0;0;0;0;0;0;0;0;0;0;0
SUSPEITA;0;0;0;0;0;0;0;0;0;0;0;0
CONFIRMACAO;0;0;0;0;0;0;0;0;0;0;0;0
BEBIDA;0;0;0;0;0;0;0;0;0;0;0;0
ALCOOLICA;0;0;0;0;0;0;0;0;0;0;0;0
SUBSTANCIA;0;0;0;0;0;0;0;0;0;0;0;0
ENTORPECENTE;0;0;0;0;0;0;0;0;0;0;0;0
TUTELAR;0;0;0;0;0;0;0;0;0;0;0;0
ABRANGER;0;0;0;0;0;0;0;0;0;0;0;0
QUAL;0;0;0;0;0;0;0;0;0;0;0;0
RESIDAM;0;0;0;0;0;0;0;0;0;0;0;0
CLAVIO;0;0;0;0;0;0;0;0;0;0;0;0
MORAIS;0;0;0;0;0;0;0;0;0;0;0;0
VARELA;0;0;0;0;0;0;0;0;0;0;0;0
FONTOURA;0;0;0;0;0;0;0;0;0;0;0;0
SAUDADE;0;0;0;0;0;0;0;0;0;0;0;0
MANUEL;0;0;0;0;0;0;0;0;0;0;0;0
MAY;0;0;0;0;0;0;0;0;0;0;0;0
DENOMINADO;0;0;0;0;0;0;0;0;0;0;0;0
DECRETO-LEI;0;0;0;0;0;0;0;0;0;0;0;0
WLANIR;0;0;0;0;0;0;0;0;0;0;0;0
ASSEGURA;0;0;0;0;0;0;0;0;0;0;0;0
TRAVESTIS;0;0;0;0;0;0;0;0;0;0;0;0
TRANSEXUAIS;0;0;0;0;0;0;0;0;0;0;0;0
ATENDIDOS;0;0;0;0;0;0;0;0;0;0;0;0
PRIVADOS;0;0;0;0;0;0;0;0;0;0;0;0
DIRETA;0;0;0;0;0;0;0;0;0;0;0;0
ENTIDADES;0;0;0;0;0;0;0;0;0;0;0;0
NOME;0;0;0;0;0;0;0;0;0;0;0;0
CARTEIRA;0;0;0;0;0;0;0;0;0;0;0;0
INSTITUIDA;0;0;0;0;0;0;0;0;0;0;0;0
DECRETO;0;0;0;0;0;0;0;0;0;0;0;0
ESTADUAL;0;0;0;0;0;0;0;0;0;0;0;0
DETERMINA;0;0;0;0;0;0;0;0;0;0;0;0
ESSES;0;0;0;0;0;0;0;0;0;0;0;0
LOCAIS;0;0;0;0;0;0;0;0;0;0;0;0
FACAM;0;0;0;0;0;0;0;0;0;0;0;0
CONSTAR;0;0;0;0;0;0;0;0;0;0;0;0
CADASTROS;0;0;0;0;0;0;0;0;0;0;0;0
UTILIZADO;0;0;0;0;0;0;0;0;0;0;0;0
CULTURA;0;0;0;0;0;0;0;0;0;0;0;0
PMC;0;0;0;0;0;0;0;0;0;0;0;0
ELEVADORES;0;0;0;0;0;0;0;0;0;0;0;0
COMLEMENTAR;0;0;0;0;0;0;0;0;0;0;0;0
DETERMINANDO;0;0;0;0;0;0;0;0;0;0;0;0
ESCOLAS;0;0;0;0;0;0;0;0;0;0;0;0
IMPLANTEM;0;0;0;0;0;0;0;0;0;0;0;0
FOTOS;0;0;0;0;0;0;0;0;0;0;0;0
DIGITAL;0;0;0;0;0;0;0;0;0;0;0;0
ALUNOS;0;0;0;0;0;0;0;0;0;0;0;0
DIVULGADA;0;0;0;0;0;0;0;0;0;0;0;0
FOTO;0;0;0;0;0;0;0;0;0;0;0;0
DESAPARECIDOS;0;0;0;0;0;0;0;0;0;0;0;0
CASSIA;0;0;0;0;0;0;0;0;0;0;0;0
BERNARDES;0;0;0;0;0;0;0;0;0;0;0;0
OBREIRO;0;0;0;0;0;0;0;0;0;0;0;0
EVANGELICO;0;0;0;0;0;0;0;0;0;0;0;0
TERCEIRO;0;0;0;0;0;0;0;0;0;0;0;0
XIV;0;0;0;0;0;0;0;0;0;0;0;0
ACESSIBILIDADE;0;0;0;0;0;0;0;0;0;0;0;0
INCLUSAO;0;0;0;0;0;0;0;0;0;0;0;0
SMACIS;0;0;0;0;0;0;0;0;0;0;0;0
GACIS;0;0;0;0;0;0;0;0;0;0;0;0
EFEMERIDES;0;0;0;0;0;0;0;0;0;0;0;0
CANCER;0;0;0;0;0;0;0;0;0;0;0;0
COLORRETAL;0;0;0;0;0;0;0;0;0;0;0;0
ESSE;0;0;0;0;0;0;0;0;0;0;0;0
QUADRAS;0;0;0;0;0;0;0;0;0;0;0;0
ACADEMIAS;0;0;0;0;0;0;0;0;0;0;0;0
PISTAS;0;0;0;0;0;0;0;0;0;0;0;0
CORRIDA;0;0;0;0;0;0;0;0;0;0;0;0
COMPLEMENTARES;0;0;0;0;0;0;0;0;0;0;0;0
PASSIVEIS;0;0;0;0;0;0;0;0;0;0;0;0
ADOTADOS;0;0;0;0;0;0;0;0;0;0;0;0
ADO;0;0;0;0;0;0;0;0;0;0;0;0
MALAGOLI;0;0;0;0;0;0;0;0;0;0;0;0
PERAS;0;0;0;0;0;0;0;0;0;0;0;0
PRESENCA;0;0;0;0;0;0;0;0;0;0;0;0
GUIA;0;0;0;0;0;0;0;0;0;0;0;0
TURISMO;0;0;0;0;0;0;0;0;0;0;0;0
EXCURSOES;0;0;0;0;0;0;0;0;0;0;0;0
ORIGINEM;0;0;0;0;0;0;0;0;0;0;0;0
DESTINEM;0;0;0;0;0;0;0;0;0;0;0;0
PASSEIOS;0;0;0;0;0;0;0;0;0;0;0;0
TURISTICOS;0;0;0;0;0;0;0;0;0;0;0;0
REALIZADOS;0;0;0;0;0;0;0;0;0;0;0;0
DEFICIENCIA;0;0;0;0;0;0;0;0;0;0;0;0
DEVIDA;0;0;0;0;0;0;0;0;0;0;0;0
CENTRO;0;0;0;0;0;0;0;0;0;0;0;0
FAMILIA;0;0;0;0;0;0;0;0;0;0;0;0
PROXIMOS;0;0;0;0;0;0;0;0;0;0;0;0
RESIDENCIA;0;0;0;0;0;0;0;0;0;0;0;0
LIGA;0;0;0;0;0;0;0;0;0;0;0;0
AMADORES;0;0;0;0;0;0;0;0;0;0;0;0
BRASILEIROS;0;0;0;0;0;0;0;0;0;0;0;0
EMISSAO;0;0;0;0;0;0;0;0;0;0;0;0
LABRE-RS;0;0;0;0;0;0;0;0;0;0;0;0
EXCETUANDO;0;0;0;0;0;0;0;0;0;0;0;0
ATOS;0;0;0;0;0;0;0;0;0;0;0;0
LESIVOS;0;0;0;0;0;0;0;0;0;0;0;0
ITENS;0;0;0;0;0;0;0;0;0;0;0;0
OFERENDA;0;0;0;0;0;0;0;0;0;0;0;0
EBOS;0;0;0;0;0;0;0;0;0;0;0;0
CULTOS;0;0;0;0;0;0;0;0;0;0;0;0
LITURGIAS;0;0;0;0;0;0;0;0;0;0;0;0
RELIGIOES;0;0;0;0;0;0;0;0;0;0;0;0
MATRIZ;0;0;0;0;0;0;0;0;0;0;0;0
AFRICANA;0;0;0;0;0;0;0;0;0;0;0;0
UMBANDA;0;0;0;0;0;0;0;0;0;0;0;0
PRO-SAUDE;0;0;0;0;0;0;0;0;0;0;0;0
IPS;0;0;0;0;0;0;0;0;0;0;0;0
EMPREGADOS;0;0;0;0;0;0;0;0;0;0;0;0
AUTISMO;0;0;0;0;0;0;0;0;0;0;0;0
NORMELIO;0;0;0;0;0;0;0;0;0;0;0;0
JACOB;0;0;0;0;0;0;0;0;0;0;0;0
MAZZO;0;0;0;0;0;0;0;0;0;0;0;0
ITALIANA;0;0;0;0;0;0;0;0;0;0;0;0
SIRGS;0;0;0;0;0;0;0;0;0;0;0;0
ELETROTECNICO;0;0;0;0;0;0;0;0;0;0;0;0
ENGENHEIRO;0;0;0;0;0;0;0;0;0;0;0;0
CIVIL;0;0;0;0;0;0;0;0;0;0;0;0
EXCLUI;0;0;0;0;0;0;0;0;0;0;0;0
LIVRO;0;0;0;0;0;0;0;0;0;0;0;0
FELIPE;0;0;0;0;0;0;0;0;0;0;0;0
SCOLARI;0;0;0;0;0;0;0;0;0;0;0;0
VALTER;0;0;0;0;0;0;0;0;0;0;0;0
DURO;0;0;0;0;0;0;0;0;0;0;0;0
CACAMBAS;0;0;0;0;0;0;0;0;0;0;0;0
ESTACIONARIAS;0;0;0;0;0;0;0;0;0;0;0;0
CONTENHAM;0;0;0;0;0;0;0;0;0;0;0;0
ADESIVO;0;0;0;0;0;0;0;0;0;0;0;0
INFORMATIVO;0;0;0;0;0;0;0;0;0;0;0;0
COLOCACAO;0;0;0;0;0;0;0;0;0;0;0;0
PREVISAO;0;0;0;0;0;0;0;0;0;0;0;0
RETIRADA;0;0;0;0;0;0;0;0;0;0;0;0
VIA;0;0;0;0;0;0;0;0;0;0;0;0
TIPO;0;0;0;0;0;0;0;0;0;0;0;0
ENTULHO;0;0;0;0;0;0;0;0;0;0;0;0
DESTINA;0;0;0;0;0;0;0;0;0;0;0;0
COLETA;0;0;0;0;0;0;0;0;0;0;0;0
HUMAITA;0;0;0;0;0;0;0;0;0;0;0;0
TINGA;0;0;0;0;0;0;0;0;0;0;0;0
XVII;0;0;0;0;0;0;0;0;0;0;0;0
ORGANIZA;0;0;0;0;0;0;0;0;0;0;0;0
PREFEITURA;0;0;0;0;0;0;0;0;0;0;0;0
PROTECAO;0;0;0;0;0;0;0;0;0;0;0;0
DIREITOS;0;0;0;0;0;0;0;0;0;0;0;0
SMDC;0;0;0;0;0;0;0;0;0;0;0;0
PROCONPMPA;0;0;0;0;0;0;0;0;0;0;0;0
CONDECON;0;0;0;0;0;0;0;0;0;0;0;0
DIFUSOS;0;0;0;0;0;0;0;0;0;0;0;0
FMDD;0;0;0;0;0;0;0;0;0;0;0;0
RIDICULO;0;0;0;0;0;0;0;0;0;0;0;0
REALIZADO;0;0;0;0;0;0;0;0;0;0;0;0
PRIMEIRA;0;0;0;0;0;0;0;0;0;0;0;0
QUINZENA;0;0;0;0;0;0;0;0;0;0;0;0
VENDA;0;0;0;0;0;0;0;0;0;0;0;0
CONSUMO;0;0;0;0;0;0;0;0;0;0;0;0
BEBIDAS;0;0;0;0;0;0;0;0;0;0;0;0
ALCOOLICAS;0;0;0;0;0;0;0;0;0;0;0;0
ARENAS;0;0;0;0;0;0;0;0;0;0;0;0
ESTADIOS;0;0;0;0;0;0;0;0;0;0;0;0
ESPORTIVOS;0;0;0;0;0;0;0;0;0;0;0;0
CRIACAO;0;0;0;0;0;0;0;0;0;0;0;0
EXTINCAO;0;0;0;0;0;0;0;0;0;0;0;0
DELIMITACAO;0;0;0;0;0;0;0;0;0;0;0;0
BAIRROS;0;0;0;0;0;0;0;0;0;0;0;0
PRIVADAS;0;0;0;0;0;0;0;0;0;0;0;0
MANTER;0;0;0;0;0;0;0;0;0;0;0;0
CONDICIONADORES;0;0;0;0;0;0;0;0;0;0;0;0
CARACTERISTICAS;0;0;0;0;0;0;0;0;0;0;0;0
MINIMAS;0;0;0;0;0;0;0;0;0;0;0;0
FROTA;0;0;0;0;0;0;0;0;0;0;0;0
EXPERIMENTOS;0;0;0;0;0;0;0;0;0;0;0;0
TESTES;0;0;0;0;0;0;0;0;0;0;0;0
COSMETICOS;0;0;0;0;0;0;0;0;0;0;0;0
HIGIENE;0;0;0;0;0;0;0;0;0;0;0;0
PESSOAL;0;0;0;0;0;0;0;0;0;0;0;0
PERFUMES;0;0;0;0;0;0;0;0;0;0;0;0
COMPONENTES;0;0;0;0;0;0;0;0;0;0;0;0
ARQUIVO;0;0;0;0;0;0;0;0;0;0;0;0
QUIMBANDEIROS;0;0;0;0;0;0;0;0;0;0;0;0
EXU;0;0;0;0;0;0;0;0;0;0;0;0
MARE;0;0;0;0;0;0;0;0;0;0;0;0
DESSES;0;0;0;0;0;0;0;0;0;0;0;0
CALENDARIOS;0;0;0;0;0;0;0;0;0;0;0;0
TEMA-;0;0;0;0;0;0;0;0;0;0;0;0
FIBROMIALGIA;0;0;0;0;0;0;0;0;0;0;0;0
EDISON;0;0;0;0;0;0;0;0;0;0;0;0
ARTUR;0;0;0;0;0;0;0;0;0;0;0;0
FEIJO;0;0;0;0;0;0;0;0;0;0;0;0
VISUAL;0;0;0;0;0;0;0;0;0;0;0;0
SOBRENOME;0;0;0;0;0;0;0;0;0;0;0;0
SANGUINEO;0;0;0;0;0;0;0;0;0;0;0;0
NUMERO;0;0;0;0;0;0;0;0;0;0;0;0
UNIFORMES;0;0;0;0;0;0;0;0;0;0;0;0
COMEMORADO;0;0;0;0;0;0;0;0;0;0;0;0
ESPETACULO;0;0;0;0;0;0;0;0;0;0;0;0
ANO;0;0;0;0;0;0;0;0;0;0;0;0
NUCLEO;0;0;0;0;0;0;0;0;0;0;0;0
TEMA;0;0;0;0;0;0;0;0;0;0;0;0
DIZERES;0;0;0;0;0;0;0;0;0;0;0;0
TESTADO;0;0;0;0;0;0;0;0;0;0;0;0
ROTULOS;0;0;0;0;0;0;0;0;0;0;0;0
MATERIAL;0;0;0;0;0;0;0;0;0;0;0;0
PUBLICITARIO;0;0;0;0;0;0;0;0;0;0;0;0
ROTULADOS;0;0;0;0;0;0;0;0;0;0;0;0
QUAIS;0;0;0;0;0;0;0;0;0;0;0;0
SIDO;0;0;0;0;0;0;0;0;0;0;0;0
UTILIZADOS;0;0;0;0;0;0;0;0;0;0;0;0
PESQUISAS;0;0;0;0;0;0;0;0;0;0;0;0
DURANTE;0;0;0;0;0;0;0;0;0;0;0;0
DEFINIDA;0;0;0;0;0;0;0;0;0;0;0;0
AEIS;0;0;0;0;0;0;0;0;0;0;0;0
PERMITINDO;0;0;0;0;0;0;0;0;0;0;0;0
PLACAS;0;0;0;0;0;0;0;0;0;0;0;0
DENOMINATIVAS;0;0;0;0;0;0;0;0;0;0;0;0
CUJAS;0;0;0;0;0;0;0;0;0;0;0;0
DENOMINACOES;0;0;0;0;0;0;0;0;0;0;0;0
FOREM;0;0;0;0;0;0;0;0;0;0;0;0
CONSAGRADAS;0;0;0;0;0;0;0;0;0;0;0;0
ALTERACAO;0;0;0;0;0;0;0;0;0;0;0;0
POSSAM;0;0;0;0;0;0;0;0;0;0;0;0
CONTER;0;0;0;0;0;0;0;0;0;0;0;0
ANTERIOR;0;0;0;0;0;0;0;0;0;0;0;0
LOGO;0;0;0;0;0;0;0;0;0;0;0;0
ABAIXO;0;0;0;0;0;0;0;0;0;0;0;0
INSTITUICAO;0;0;0;0;0;0;0;0;0;0;0;0
ADVENTISTA;0;0;0;0;0;0;0;0;0;0;0;0
SUL-RIO-GRANDENSE;0;0;0;0;0;0;0;0;0;0;0;0
COLEGIO;0;0;0;0;0;0;0;0;0;0;0;0
MAES;0;0;0;0;0;0;0;0;0;0;0;0
AFIXACAO;0;0;0;0;0;0;0;0;0;0;0;0
AINDA;0;0;0;0;0;0;0;0;0;0;0;0
CONTRATADOS;0;0;0;0;0;0;0;0;0;0;0;0
MANUTENCAO;0;0;0;0;0;0;0;0;0;0;0;0
CASO;0;0;0;0;0;0;0;0;0;0;0;0
CONTRATACAO;0;0;0;0;0;0;0;0;0;0;0;0
ASSEGURA-LHES;0;0;0;0;0;0;0;0;0;0;0;0
EXPLORACAO;0;0;0;0;0;0;0;0;0;0;0;0
COMERCIAL;0;0;0;0;0;0;0;0;0;0;0;0
TOPONIMICOS;0;0;0;0;0;0;0;0;0;0;0;0
FACULTANDO;0;0;0;0;0;0;0;0;0;0;0;0
DENOMINADOS;0;0;0;0;0;0;0;0;0;0;0;0
MEIOS;0;0;0;0;0;0;0;0;0;0;0;0
LEGAIS;0;0;0;0;0;0;0;0;0;0;0;0
COSTUME;0;0;0;0;0;0;0;0;0;0;0;0
MANTENDO;0;0;0;0;0;0;0;0;0;0;0;0
BAIXO;0;0;0;0;0;0;0;0;0;0;0;0
PROCEDIMENTOS;0;0;0;0;0;0;0;0;0;0;0;0
SUPRESSAO;0;0;0;0;0;0;0;0;0;0;0;0
TRANSPLANTE;0;0;0;0;0;0;0;0;0;0;0;0
PODA;0;0;0;0;0;0;0;0;0;0;0;0
ESPECIMES;0;0;0;0;0;0;0;0;0;0;0;0
VEGETAIS;0;0;0;0;0;0;0;0;0;0;0;0
DECRETOS;0;0;0;0;0;0;0;0;0;0;0;0
RESTAURANTES;0;0;0;0;0;0;0;0;0;0;0;0
BARES;0;0;0;0;0;0;0;0;0;0;0;0
LANCHONETES;0;0;0;0;0;0;0;0;0;0;0;0
CONFEITARIAS;0;0;0;0;0;0;0;0;0;0;0;0
INFORMAREM;0;0;0;0;0;0;0;0;0;0;0;0
ALIMENTOS;0;0;0;0;0;0;0;0;0;0;0;0
COMERCIALIZAM;0;0;0;0;0;0;0;0;0;0;0;0
REPASSE;0;0;0;0;0;0;0;0;0;0;0;0
CESTA;0;0;0;0;0;0;0;0;0;0;0;0
SOMENTE;0;0;0;0;0;0;0;0;0;0;0;0
ISENTOS;0;0;0;0;0;0;0;0;0;0;0;0
DOENCA;0;0;0;0;0;0;0;0;0;0;0;0
CELIACA;0;0;0;0;0;0;0;0;0;0;0;0
FORNECIMENTO;0;0;0;0;0;0;0;0;0;0;0;0
MERENDA;0;0;0;0;0;0;0;0;0;0;0;0
ESCOLAR;0;0;0;0;0;0;0;0;0;0;0;0
ADEQUADA;0;0;0;0;0;0;0;0;0;0;0;0
ENSINO;0;0;0;0;0;0;0;0;0;0;0;0
PARADESPORTO;0;0;0;0;0;0;0;0;0;0;0;0
DOMESTICOS;0;0;0;0;0;0;0;0;0;0;0;0
PEQUENO;0;0;0;0;0;0;0;0;0;0;0;0
PORTE;0;0;0;0;0;0;0;0;0;0;0;0
ACOMPANHADOS;0;0;0;0;0;0;0;0;0;0;0;0
RESPONSAVEIS;0;0;0;0;0;0;0;0;0;0;0;0
INTEGRANTES;0;0;0;0;0;0;0;0;0;0;0;0
SELETIVO;0;0;0;0;0;0;0;0;0;0;0;0
INDIVIDUAL;0;0;0;0;0;0;0;0;0;0;0;0
CRECHE;0;0;0;0;0;0;0;0;0;0;0;0
MAEZINHA;0;0;0;0;0;0;0;0;0;0;0;0
CEU;0;0;0;0;0;0;0;0;0;0;0;0
MINISTERIO;0;0;0;0;0;0;0;0;0;0;0;0
EXIBICAO;0;0;0;0;0;0;0;0;0;0;0;0
POLITICAS;0;0;0;0;0;0;0;0;0;0;0;0
PROIBINDO;0;0;0;0;0;0;0;0;0;0;0;0
COMERCIALIZACAO;0;0;0;0;0;0;0;0;0;0;0;0
ESPECIE;0;0;0;0;0;0;0;0;0;0;0;0
COMERCIAIS;0;0;0;0;0;0;0;0;0;0;0;0
FORNECER;0;0;0;0;0;0;0;0;0;0;0;0
GRATUITAMENTE;0;0;0;0;0;0;0;0;0;0;0;0
FRALDAS;0;0;0;0;0;0;0;0;0;0;0;0
DESCARTAVEIS;0;0;0;0;0;0;0;0;0;0;0;0
IDOSOS;0;0;0;0;0;0;0;0;0;0;0;0
NECESSITEM;0;0;0;0;0;0;0;0;0;0;0;0
USA-LAS;0;0;0;0;0;0;0;0;0;0;0;0
ADQUIRI-LAS;0;0;0;0;0;0;0;0;0;0;0;0
CENSO-INCLUSAO;0;0;0;0;0;0;0;0;0;0;0;0
CADASTRO-INCLUSAO;0;0;0;0;0;0;0;0;0;0;0;0
MAPEAMENTO;0;0;0;0;0;0;0;0;0;0;0;0
CADASTRAMENTO;0;0;0;0;0;0;0;0;0;0;0;0
PERFIL;0;0;0;0;0;0;0;0;0;0;0;0
SOCIOECONOMICO;0;0;0;0;0;0;0;0;0;0;0;0
MOBILIDADE;0;0;0;0;0;0;0;0;0;0;0;0
REDUZIDA;0;0;0;0;0;0;0;0;0;0;0;0
PRATICA;0;0;0;0;0;0;0;0;0;0;0;0
TROTES;0;0;0;0;0;0;0;0;0;0;0;0
CARATER;0;0;0;0;0;0;0;0;0;0;0;0
VIOLENTO;0;0;0;0;0;0;0;0;0;0;0;0
CONSTRANGEDOR;0;0;0;0;0;0;0;0;0;0;0;0
RECEPCAO;0;0;0;0;0;0;0;0;0;0;0;0
NOVOS;0;0;0;0;0;0;0;0;0;0;0;0
EDUCACIONAIS;0;0;0;0;0;0;0;0;0;0;0;0
INTERRUPCAO;0;0;0;0;0;0;0;0;0;0;0;0
CONVOCA;0;0;0;0;0;0;0;0;0;0;0;0
CONSULTA;0;0;0;0;0;0;0;0;0;0;0;0
POPULACAO;0;0;0;0;0;0;0;0;0;0;0;0
PLEBISCITO;0;0;0;0;0;0;0;0;0;0;0;0
RESPEITO;0;0;0;0;0;0;0;0;0;0;0;0
CERCAMENTO;0;0;0;0;0;0;0;0;0;0;0;0
ACADEMICOS;0;0;0;0;0;0;0;0;0;0;0;0
ORGIA;0;0;0;0;0;0;0;0;0;0;0;0
POSTURAS;0;0;0;0;0;0;0;0;0;0;0;0
DEFININDO;0;0;0;0;0;0;0;0;0;0;0;0
SANCAO;0;0;0;0;0;0;0;0;0;0;0;0
REPARACAO;0;0;0;0;0;0;0;0;0;0;0;0
DANO;0;0;0;0;0;0;0;0;0;0;0;0
ESTA;0;0;0;0;0;0;0;0;0;0;0;0
SUJEITA;0;0;0;0;0;0;0;0;0;0;0;0
PICHAR;0;0;0;0;0;0;0;0;0;0;0;0
CONSPURCAR;0;0;0;0;0;0;0;0;0;0;0;0
EDIFICACAO;0;0;0;0;0;0;0;0;0;0;0;0
MONUMENTO;0;0;0;0;0;0;0;0;0;0;0;0
TOMBAMENTO;0;0;0;0;0;0;0;0;0;0;0;0
AVCARLOS;0;0;0;0;0;0;0;0;0;0;0;0
BARBOSA;0;0;0;0;0;0;0;0;0;0;0;0
SEDE;0;0;0;0;0;0;0;0;0;0;0;0
GREMIO;0;0;0;0;0;0;0;0;0;0;0;0
GAUCHOE;0;0;0;0;0;0;0;0;0;0;0;0
VIDEOS;0;0;0;0;0;0;0;0;0;0;0;0
EDUCATIVOS;0;0;0;0;0;0;0;0;0;0;0;0
CONTEUDO;0;0;0;0;0;0;0;0;0;0;0;0
ANTIDROGAS;0;0;0;0;0;0;0;0;0;0;0;0
ABERTURAS;0;0;0;0;0;0;0;0;0;0;0;0
SEXTO;0;0;0;0;0;0;0;0;0;0;0;0
UTIL;0;0;0;0;0;0;0;0;0;0;0;0
PRAZO;0;0;0;0;0;0;0;0;0;0;0;0
IMPOSTOS;0;0;0;0;0;0;0;0;0;0;0;0
REDUCAO;0;0;0;0;0;0;0;0;0;0;0;0
VI-A;0;0;0;0;0;0;0;0;0;0;0;0
DIVULGACAO;0;0;0;0;0;0;0;0;0;0;0;0
EDIFICACOES;0;0;0;0;0;0;0;0;0;0;0;0
DIRETOR;0;0;0;0;0;0;0;0;0;0;0;0
URBANO;0;0;0;0;0;0;0;0;0;0;0;0
ROMEU;0;0;0;0;0;0;0;0;0;0;0;0
HAETINGER;0;0;0;0;0;0;0;0;0;0;0;0
GRATUITA;0;0;0;0;0;0;0;0;0;0;0;0
VOCACIONAIS;0;0;0;0;0;0;0;0;0;0;0;0
MATRICULADOS;0;0;0;0;0;0;0;0;0;0;0;0
ULTIMO;0;0;0;0;0;0;0;0;0;0;0;0
HOMEM;0;0;0;0;0;0;0;0;0;0;0;0
PSH;0;0;0;0;0;0;0;0;0;0;0;0
MEMORIAL;0;0;0;0;0;0;0;0;0;0;0;0
HOMENAGEM;0;0;0;0;0;0;0;0;0;0;0;0
VITIMAS;0;0;0;0;0;0;0;0;0;0;0;0
ACIDENTES;0;0;0;0;0;0;0;0;0;0;0;0
OCORRIDOS;0;0;0;0;0;0;0;0;0;0;0;0
MOTOCICLETAS;0;0;0;0;0;0;0;0;0;0;0;0
ZELADORIA;0;0;0;0;0;0;0;0;0;0;0;0
CHIMARRAO;0;0;0;0;0;0;0;0;0;0;0;0
RESERVA;0;0;0;0;0;0;0;0;0;0;0;0
MORADIA;0;0;0;0;0;0;0;0;0;0;0;0
APARTAMENTOS;0;0;0;0;0;0;0;0;0;0;0;0
TERREOS;0;0;0;0;0;0;0;0;0;0;0;0
IDOSAS;0;0;0;0;0;0;0;0;0;0;0;0
CONTEMPLADAS;0;0;0;0;0;0;0;0;0;0;0;0
PROGRAMAS;0;0;0;0;0;0;0;0;0;0;0;0
HABITACIONAIS;0;0;0;0;0;0;0;0;0;0;0;0
POPULARES;0;0;0;0;0;0;0;0;0;0;0;0
IMPLANTADOS;0;0;0;0;0;0;0;0;0;0;0;0
